TYPE,YEAR,LAT,LON,STATE_ADJ,N_USERS,AGE
CURRENT YEAR,2018,,,MISSING,77,51.480519480519469
CURRENT YEAR,2016,,,MISSING,43,46.558139534883722
CURRENT YEAR,2020,,,MISSING,650,46.232307692307714
CURRENT YEAR,2022,,,MISSING,605,44.702479338842977
CURRENT YEAR,2021,,,MISSING,934,44.885438972162767
CURRENT YEAR,2019,,,MISSING,144,51.895833333333343
CURRENT YEAR,2017,,,MISSING,21,42.714285714285715
CURRENT YEAR,2015,,,MISSING,40,56.099999999999994
CURRENT YEAR,2014,,,MISSING,26,43.730769230769226
CURRENT YEAR,2024,,,MISSING,990,42.111111111111114
CURRENT YEAR,2023,,,MISSING,1282,44.074829931972822
LLLY,2017,48.9760235,-111.1164288,ID,1,28.0
LY,2017,48.9760235,-111.1164288,ID,1,28.0
CURRENT YEAR,2017,48.9760235,-111.1164288,ID,1,28.0
LLY,2017,48.9760235,-111.1164288,ID,1,28.0
LLY,2018,48.9760235,-111.1164288,ID,12,47.75
LY,2018,48.9760235,-111.1164288,ID,12,47.75
CURRENT YEAR,2018,48.9760235,-111.1164288,ID,12,47.75
LLLY,2018,48.9760235,-111.1164288,ID,12,47.75
CURRENT YEAR,2021,48.9760235,-111.1164288,ID,66,39.560606060606055
LY,2021,48.9760235,-111.1164288,ID,66,39.560606060606055
LLY,2021,48.9760235,-111.1164288,ID,66,39.560606060606055
LLLY,2021,48.9760235,-111.1164288,ID,66,39.560606060606055
LY,2023,48.9760235,-111.1164288,ID,39,39.027777777777793
CURRENT YEAR,2023,48.9760235,-111.1164288,ID,39,39.027777777777793
CURRENT YEAR,2024,48.9760235,-111.1164288,ID,34,40.411764705882355
LLY,2020,48.9760235,-111.1164288,ID,70,36.842857142857156
LY,2020,48.9760235,-111.1164288,ID,70,36.842857142857156
CURRENT YEAR,2020,48.9760235,-111.1164288,ID,70,36.842857142857156
LLLY,2020,48.9760235,-111.1164288,ID,70,36.842857142857156
CURRENT YEAR,2019,48.9760235,-111.1164288,ID,31,40.870967741935488
LLLY,2019,48.9760235,-111.1164288,ID,31,40.870967741935488
LLY,2019,48.9760235,-111.1164288,ID,31,40.870967741935488
LY,2019,48.9760235,-111.1164288,ID,31,40.870967741935488
LY,2022,48.9760235,-111.1164288,ID,97,36.608247422680421
LLY,2022,48.9760235,-111.1164288,ID,97,36.608247422680421
CURRENT YEAR,2022,48.9760235,-111.1164288,ID,97,36.608247422680421
LY,2018,42.4809134,-87.5502041,IL,74,46.027027027027046
LLY,2018,42.4809134,-87.5502041,IL,74,46.027027027027046
CURRENT YEAR,2018,42.4809134,-87.5502041,IL,74,46.027027027027046
LLLY,2018,42.4809134,-87.5502041,IL,74,46.027027027027046
CURRENT YEAR,2019,42.4809134,-87.5502041,IL,235,44.072340425531912
LY,2019,42.4809134,-87.5502041,IL,235,44.072340425531912
LLLY,2019,42.4809134,-87.5502041,IL,235,44.072340425531912
LLY,2019,42.4809134,-87.5502041,IL,235,44.072340425531912
CURRENT YEAR,2023,42.4809134,-87.5502041,IL,605,41.021126760563419
LY,2023,42.4809134,-87.5502041,IL,605,41.021126760563419
LLLY,2021,42.4809134,-87.5502041,IL,720,38.680555555555557
LY,2021,42.4809134,-87.5502041,IL,720,38.680555555555557
CURRENT YEAR,2021,42.4809134,-87.5502041,IL,720,38.680555555555557
LLY,2021,42.4809134,-87.5502041,IL,720,38.680555555555557
LLY,2017,42.4809134,-87.5502041,IL,22,50.909090909090907
LY,2017,42.4809134,-87.5502041,IL,22,50.909090909090907
LLLY,2017,42.4809134,-87.5502041,IL,22,50.909090909090907
CURRENT YEAR,2017,42.4809134,-87.5502041,IL,22,50.909090909090907
CURRENT YEAR,2022,42.4809134,-87.5502041,IL,1045,40.234449760765592
LY,2022,42.4809134,-87.5502041,IL,1045,40.234449760765592
LLY,2022,42.4809134,-87.5502041,IL,1045,40.234449760765592
CURRENT YEAR,2024,42.4809134,-87.5502041,IL,407,40.241730279898249
CURRENT YEAR,2020,42.4809134,-87.5502041,IL,686,38.886297376093324
LLY,2020,42.4809134,-87.5502041,IL,686,38.886297376093324
LLLY,2020,42.4809134,-87.5502041,IL,686,38.886297376093324
LY,2020,42.4809134,-87.5502041,IL,686,38.886297376093324
CURRENT YEAR,2016,46.9406451,-86.8993744,WI,2,67.5
LY,2016,46.9406451,-86.8993744,WI,2,67.5
LLY,2016,46.9406451,-86.8993744,WI,2,67.5
LLLY,2016,46.9406451,-86.8993744,WI,2,67.5
LLY,2022,46.9406451,-86.8993744,WI,352,38.687500000000021
CURRENT YEAR,2022,46.9406451,-86.8993744,WI,352,38.687500000000021
LY,2022,46.9406451,-86.8993744,WI,352,38.687500000000021
LY,2023,46.9406451,-86.8993744,WI,218,42.896551724137943
CURRENT YEAR,2023,46.9406451,-86.8993744,WI,218,42.896551724137943
CURRENT YEAR,2014,46.9406451,-86.8993744,WI,3,43.666666666666664
LLLY,2014,46.9406451,-86.8993744,WI,3,43.666666666666664
LY,2014,46.9406451,-86.8993744,WI,3,43.666666666666664
LLY,2014,46.9406451,-86.8993744,WI,3,43.666666666666664
LLLY,2015,46.9406451,-86.8993744,WI,5,59.8
LLY,2015,46.9406451,-86.8993744,WI,5,59.8
LY,2015,46.9406451,-86.8993744,WI,5,59.8
CURRENT YEAR,2015,46.9406451,-86.8993744,WI,5,59.8
CURRENT YEAR,2024,46.9406451,-86.8993744,WI,169,38.8780487804878
LLY,2021,46.9406451,-86.8993744,WI,252,40.19047619047619
LLLY,2021,46.9406451,-86.8993744,WI,252,40.19047619047619
CURRENT YEAR,2021,46.9406451,-86.8993744,WI,252,40.19047619047619
LY,2021,46.9406451,-86.8993744,WI,252,40.19047619047619
LLY,2017,46.9406451,-86.8993744,WI,17,47.294117647058826
CURRENT YEAR,2017,46.9406451,-86.8993744,WI,17,47.294117647058826
LLLY,2017,46.9406451,-86.8993744,WI,17,47.294117647058826
LY,2017,46.9406451,-86.8993744,WI,17,47.294117647058826
CURRENT YEAR,2020,46.9406451,-86.8993744,WI,212,40.641509433962263
LY,2020,46.9406451,-86.8993744,WI,212,40.641509433962263
LLY,2020,46.9406451,-86.8993744,WI,212,40.641509433962263
LLLY,2020,46.9406451,-86.8993744,WI,212,40.641509433962263
LLLY,2018,46.9406451,-86.8993744,WI,37,49.5945945945946
CURRENT YEAR,2018,46.9406451,-86.8993744,WI,37,49.5945945945946
LY,2018,46.9406451,-86.8993744,WI,37,49.5945945945946
LLY,2018,46.9406451,-86.8993744,WI,37,49.5945945945946
LLLY,2019,46.9406451,-86.8993744,WI,122,44.631147540983612
LLY,2019,46.9406451,-86.8993744,WI,122,44.631147540983612
LY,2019,46.9406451,-86.8993744,WI,122,44.631147540983612
CURRENT YEAR,2019,46.9406451,-86.8993744,WI,122,44.631147540983612
CURRENT YEAR,2022,39.1123079,-82.0890449,KY,485,41.896907216494867
LY,2022,39.1123079,-82.0890449,KY,485,41.896907216494867
LLY,2022,39.1123079,-82.0890449,KY,485,41.896907216494867
LLY,2019,39.1123079,-82.0890449,KY,147,46.41496598639452
LY,2019,39.1123079,-82.0890449,KY,147,46.41496598639452
CURRENT YEAR,2019,39.1123079,-82.0890449,KY,147,46.41496598639452
LLLY,2019,39.1123079,-82.0890449,KY,147,46.41496598639452
LLLY,2017,39.1123079,-82.0890449,KY,19,52.15789473684211
CURRENT YEAR,2017,39.1123079,-82.0890449,KY,19,52.15789473684211
LLY,2017,39.1123079,-82.0890449,KY,19,52.15789473684211
LY,2017,39.1123079,-82.0890449,KY,19,52.15789473684211
CURRENT YEAR,2024,39.1123079,-82.0890449,KY,201,39.695431472081218
CURRENT YEAR,2021,39.1123079,-82.0890449,KY,308,41.948051948051926
LY,2021,39.1123079,-82.0890449,KY,308,41.948051948051926
LLY,2021,39.1123079,-82.0890449,KY,308,41.948051948051926
LLLY,2021,39.1123079,-82.0890449,KY,308,41.948051948051926
CURRENT YEAR,2020,39.1123079,-82.0890449,KY,260,40.569230769230757
LLLY,2020,39.1123079,-82.0890449,KY,260,40.569230769230757
LY,2020,39.1123079,-82.0890449,KY,260,40.569230769230757
LLY,2020,39.1123079,-82.0890449,KY,260,40.569230769230757
LY,2018,39.1123079,-82.0890449,KY,47,52.808510638297875
LLLY,2018,39.1123079,-82.0890449,KY,47,52.808510638297875
LLY,2018,39.1123079,-82.0890449,KY,47,52.808510638297875
CURRENT YEAR,2018,39.1123079,-82.0890449,KY,47,52.808510638297875
CURRENT YEAR,2023,39.1123079,-82.0890449,KY,264,41.516393442622928
LY,2023,39.1123079,-82.0890449,KY,264,41.516393442622928
LLLY,2018,46.171919,-116.6840285,OR,16,50.625
LLY,2018,46.171919,-116.6840285,OR,16,50.625
CURRENT YEAR,2018,46.171919,-116.6840285,OR,16,50.625
LY,2018,46.171919,-116.6840285,OR,16,50.625
LLY,2017,46.171919,-116.6840285,OR,2,41.5
CURRENT YEAR,2017,46.171919,-116.6840285,OR,2,41.5
LY,2017,46.171919,-116.6840285,OR,2,41.5
LLLY,2017,46.171919,-116.6840285,OR,2,41.5
CURRENT YEAR,2020,46.171919,-116.6840285,OR,146,38.636986301369873
LLY,2020,46.171919,-116.6840285,OR,146,38.636986301369873
LLLY,2020,46.171919,-116.6840285,OR,146,38.636986301369873
LY,2020,46.171919,-116.6840285,OR,146,38.636986301369873
LLLY,2019,46.171919,-116.6840285,OR,60,42.766666666666673
CURRENT YEAR,2019,46.171919,-116.6840285,OR,60,42.766666666666673
LY,2019,46.171919,-116.6840285,OR,60,42.766666666666673
LLY,2019,46.171919,-116.6840285,OR,60,42.766666666666673
LY,2023,46.171919,-116.6840285,OR,106,39.528846153846139
CURRENT YEAR,2023,46.171919,-116.6840285,OR,106,39.528846153846139
LLY,2022,46.171919,-116.6840285,OR,165,38.175757575757594
CURRENT YEAR,2022,46.171919,-116.6840285,OR,165,38.175757575757594
LY,2022,46.171919,-116.6840285,OR,165,38.175757575757594
LY,2021,46.171919,-116.6840285,OR,140,38.700000000000017
LLY,2021,46.171919,-116.6840285,OR,140,38.700000000000017
CURRENT YEAR,2021,46.171919,-116.6840285,OR,140,38.700000000000017
LLLY,2021,46.171919,-116.6840285,OR,140,38.700000000000017
CURRENT YEAR,2024,46.171919,-116.6840285,OR,65,44.806451612903238
CURRENT YEAR,2024,48.9668972,-117.1525678,WA,135,41.000000000000007
LLLY,2018,48.9668972,-117.1525678,WA,26,44.384615384615387
LY,2018,48.9668972,-117.1525678,WA,26,44.384615384615387
LLY,2018,48.9668972,-117.1525678,WA,26,44.384615384615387
CURRENT YEAR,2018,48.9668972,-117.1525678,WA,26,44.384615384615387
LLY,2017,48.9668972,-117.1525678,WA,11,48.181818181818187
LLLY,2017,48.9668972,-117.1525678,WA,11,48.181818181818187
CURRENT YEAR,2017,48.9668972,-117.1525678,WA,11,48.181818181818187
LY,2017,48.9668972,-117.1525678,WA,11,48.181818181818187
LLY,2021,48.9668972,-117.1525678,WA,242,36.983471074380162
CURRENT YEAR,2021,48.9668972,-117.1525678,WA,242,36.983471074380162
LY,2021,48.9668972,-117.1525678,WA,242,36.983471074380162
LLLY,2021,48.9668972,-117.1525678,WA,242,36.983471074380162
LLLY,2019,48.9668972,-117.1525678,WA,101,42.237623762376238
LY,2019,48.9668972,-117.1525678,WA,101,42.237623762376238
LLY,2019,48.9668972,-117.1525678,WA,101,42.237623762376238
CURRENT YEAR,2019,48.9668972,-117.1525678,WA,101,42.237623762376238
LY,2023,48.9668972,-117.1525678,WA,185,39.542857142857159
CURRENT YEAR,2023,48.9668972,-117.1525678,WA,185,39.542857142857159
CURRENT YEAR,2022,48.9668972,-117.1525678,WA,308,36.18831168831165
LLY,2022,48.9668972,-117.1525678,WA,308,36.18831168831165
LY,2022,48.9668972,-117.1525678,WA,308,36.18831168831165
CURRENT YEAR,2020,48.9668972,-117.1525678,WA,226,36.690265486725686
LY,2020,48.9668972,-117.1525678,WA,226,36.690265486725686
LLLY,2020,48.9668972,-117.1525678,WA,226,36.690265486725686
LLY,2020,48.9668972,-117.1525678,WA,226,36.690265486725686
LLLY,2021,42.9850015,-95.4381827,NE,82,35.695121951219519
LY,2021,42.9850015,-95.4381827,NE,82,35.695121951219519
CURRENT YEAR,2021,42.9850015,-95.4381827,NE,82,35.695121951219519
LLY,2021,42.9850015,-95.4381827,NE,82,35.695121951219519
LLLY,2020,42.9850015,-95.4381827,NE,79,39.11392405063291
CURRENT YEAR,2020,42.9850015,-95.4381827,NE,79,39.11392405063291
LLY,2020,42.9850015,-95.4381827,NE,79,39.11392405063291
LY,2020,42.9850015,-95.4381827,NE,79,39.11392405063291
CURRENT YEAR,2017,42.9850015,-95.4381827,NE,5,48.4
LLY,2017,42.9850015,-95.4381827,NE,5,48.4
LLLY,2017,42.9850015,-95.4381827,NE,5,48.4
LY,2017,42.9850015,-95.4381827,NE,5,48.4
CURRENT YEAR,2024,42.9850015,-95.4381827,NE,45,37.794871794871796
CURRENT YEAR,2023,42.9850015,-95.4381827,NE,98,40.304347826086953
LY,2023,42.9850015,-95.4381827,NE,98,40.304347826086953
CURRENT YEAR,2018,42.9850015,-95.4381827,NE,15,45.066666666666663
LLLY,2018,42.9850015,-95.4381827,NE,15,45.066666666666663
LY,2018,42.9850015,-95.4381827,NE,15,45.066666666666663
LLY,2018,42.9850015,-95.4381827,NE,15,45.066666666666663
LLY,2022,42.9850015,-95.4381827,NE,121,40.454545454545446
CURRENT YEAR,2022,42.9850015,-95.4381827,NE,121,40.454545454545446
LY,2022,42.9850015,-95.4381827,NE,121,40.454545454545446
LLLY,2019,42.9850015,-95.4381827,NE,42,45.095238095238095
LY,2019,42.9850015,-95.4381827,NE,42,45.095238095238095
LLY,2019,42.9850015,-95.4381827,NE,42,45.095238095238095
CURRENT YEAR,2019,42.9850015,-95.4381827,NE,42,45.095238095238095
LY,2017,42.0017058,-71.1672468,RI,4,60.0
CURRENT YEAR,2017,42.0017058,-71.1672468,RI,4,60.0
LLLY,2017,42.0017058,-71.1672468,RI,4,60.0
LLY,2017,42.0017058,-71.1672468,RI,4,60.0
LLY,2019,42.0017058,-71.1672468,RI,16,47.625
LY,2019,42.0017058,-71.1672468,RI,16,47.625
CURRENT YEAR,2019,42.0017058,-71.1672468,RI,16,47.625
LLLY,2019,42.0017058,-71.1672468,RI,16,47.625
LY,2023,42.0017058,-71.1672468,RI,42,46.13513513513513
CURRENT YEAR,2023,42.0017058,-71.1672468,RI,42,46.13513513513513
LLY,2018,42.0017058,-71.1672468,RI,9,48.888888888888886
LY,2018,42.0017058,-71.1672468,RI,9,48.888888888888886
LLLY,2018,42.0017058,-71.1672468,RI,9,48.888888888888886
CURRENT YEAR,2018,42.0017058,-71.1672468,RI,9,48.888888888888886
CURRENT YEAR,2022,42.0017058,-71.1672468,RI,78,38.269230769230766
LY,2022,42.0017058,-71.1672468,RI,78,38.269230769230766
LLY,2022,42.0017058,-71.1672468,RI,78,38.269230769230766
CURRENT YEAR,2020,42.0017058,-71.1672468,RI,44,41.97727272727272
LLLY,2020,42.0017058,-71.1672468,RI,44,41.97727272727272
LLY,2020,42.0017058,-71.1672468,RI,44,41.97727272727272
LY,2020,42.0017058,-71.1672468,RI,44,41.97727272727272
CURRENT YEAR,2024,42.0017058,-71.1672468,RI,40,42.32432432432433
LLLY,2021,42.0017058,-71.1672468,RI,51,46.49019607843136
LLY,2021,42.0017058,-71.1672468,RI,51,46.49019607843136
LY,2021,42.0017058,-71.1672468,RI,51,46.49019607843136
CURRENT YEAR,2021,42.0017058,-71.1672468,RI,51,46.49019607843136
CURRENT YEAR,2017,40.9697543,-102.1538998,CO,8,48.0
LY,2017,40.9697543,-102.1538998,CO,8,48.0
LLY,2017,40.9697543,-102.1538998,CO,8,48.0
LLLY,2017,40.9697543,-102.1538998,CO,8,48.0
CURRENT YEAR,2014,40.9697543,-102.1538998,CO,1,58.0
LLLY,2014,40.9697543,-102.1538998,CO,1,58.0
CURRENT YEAR,2020,40.9697543,-102.1538998,CO,238,38.80252100840336
LY,2020,40.9697543,-102.1538998,CO,238,38.80252100840336
LLY,2020,40.9697543,-102.1538998,CO,238,38.80252100840336
LLLY,2020,40.9697543,-102.1538998,CO,238,38.80252100840336
CURRENT YEAR,2023,40.9697543,-102.1538998,CO,128,40.561983471074377
LY,2023,40.9697543,-102.1538998,CO,128,40.561983471074377
CURRENT YEAR,2024,40.9697543,-102.1538998,CO,113,40.504854368932058
LLLY,2018,40.9697543,-102.1538998,CO,30,44.533333333333331
CURRENT YEAR,2018,40.9697543,-102.1538998,CO,30,44.533333333333331
LLY,2018,40.9697543,-102.1538998,CO,30,44.533333333333331
LY,2018,40.9697543,-102.1538998,CO,30,44.533333333333331
CURRENT YEAR,2019,40.9697543,-102.1538998,CO,100,40.54
LY,2019,40.9697543,-102.1538998,CO,100,40.54
LLY,2019,40.9697543,-102.1538998,CO,100,40.54
LLLY,2019,40.9697543,-102.1538998,CO,100,40.54
LLY,2022,40.9697543,-102.1538998,CO,283,36.946996466431088
CURRENT YEAR,2022,40.9697543,-102.1538998,CO,283,36.946996466431088
LY,2022,40.9697543,-102.1538998,CO,283,36.946996466431088
CURRENT YEAR,2021,40.9697543,-102.1538998,CO,238,36.567226890756324
LLLY,2021,40.9697543,-102.1538998,CO,238,36.567226890756324
LLY,2021,40.9697543,-102.1538998,CO,238,36.567226890756324
LY,2021,40.9697543,-102.1538998,CO,238,36.567226890756324
CURRENT YEAR,2024,34.9685856,-84.997828,AL,154,41.760273972602747
CURRENT YEAR,2021,34.9685856,-84.997828,AL,375,39.917333333333332
LLY,2021,34.9685856,-84.997828,AL,375,39.917333333333332
LY,2021,34.9685856,-84.997828,AL,375,39.917333333333332
LLLY,2021,34.9685856,-84.997828,AL,375,39.917333333333332
LLLY,2020,34.9685856,-84.997828,AL,351,41.450142450142444
CURRENT YEAR,2020,34.9685856,-84.997828,AL,351,41.450142450142444
LLY,2020,34.9685856,-84.997828,AL,351,41.450142450142444
LY,2020,34.9685856,-84.997828,AL,351,41.450142450142444
LY,2018,34.9685856,-84.997828,AL,35,48.085714285714268
CURRENT YEAR,2018,34.9685856,-84.997828,AL,35,48.085714285714268
LLLY,2018,34.9685856,-84.997828,AL,35,48.085714285714268
LLY,2018,34.9685856,-84.997828,AL,35,48.085714285714268
CURRENT YEAR,2023,34.9685856,-84.997828,AL,253,41.161825726141075
LY,2023,34.9685856,-84.997828,AL,253,41.161825726141075
LLLY,2019,34.9685856,-84.997828,AL,131,43.541984732824453
LY,2019,34.9685856,-84.997828,AL,131,43.541984732824453
CURRENT YEAR,2019,34.9685856,-84.997828,AL,131,43.541984732824453
LLY,2019,34.9685856,-84.997828,AL,131,43.541984732824453
CURRENT YEAR,2017,34.9685856,-84.997828,AL,10,49.1
LLY,2017,34.9685856,-84.997828,AL,10,49.1
LLLY,2017,34.9685856,-84.997828,AL,10,49.1
LY,2017,34.9685856,-84.997828,AL,10,49.1
LY,2022,34.9685856,-84.997828,AL,483,41.010351966873628
CURRENT YEAR,2022,34.9685856,-84.997828,AL,483,41.010351966873628
LLY,2022,34.9685856,-84.997828,AL,483,41.010351966873628
CURRENT YEAR,2017,48.9671841,-104.0861142,MT,1,58.0
LLY,2017,48.9671841,-104.0861142,MT,1,58.0
LY,2017,48.9671841,-104.0861142,MT,1,58.0
LLLY,2017,48.9671841,-104.0861142,MT,1,58.0
LLLY,2018,48.9671841,-104.0861142,MT,3,53.0
LLY,2018,48.9671841,-104.0861142,MT,3,53.0
CURRENT YEAR,2018,48.9671841,-104.0861142,MT,3,53.0
LY,2018,48.9671841,-104.0861142,MT,3,53.0
CURRENT YEAR,2021,48.9671841,-104.0861142,MT,32,35.21875
LLY,2021,48.9671841,-104.0861142,MT,32,35.21875
LY,2021,48.9671841,-104.0861142,MT,32,35.21875
LLLY,2021,48.9671841,-104.0861142,MT,32,35.21875
LLY,2020,48.9671841,-104.0861142,MT,38,39.500000000000007
LLLY,2020,48.9671841,-104.0861142,MT,38,39.500000000000007
CURRENT YEAR,2020,48.9671841,-104.0861142,MT,38,39.500000000000007
LY,2020,48.9671841,-104.0861142,MT,38,39.500000000000007
LY,2023,48.9671841,-104.0861142,MT,18,38.117647058823536
CURRENT YEAR,2023,48.9671841,-104.0861142,MT,18,38.117647058823536
CURRENT YEAR,2024,48.9671841,-104.0861142,MT,22,40.19047619047619
LLLY,2019,48.9671841,-104.0861142,MT,9,37.222222222222221
LLY,2019,48.9671841,-104.0861142,MT,9,37.222222222222221
CURRENT YEAR,2019,48.9671841,-104.0861142,MT,9,37.222222222222221
LY,2019,48.9671841,-104.0861142,MT,9,37.222222222222221
CURRENT YEAR,2022,48.9671841,-104.0861142,MT,46,37.434782608695642
LLY,2022,48.9671841,-104.0861142,MT,46,37.434782608695642
LY,2022,48.9671841,-104.0861142,MT,46,37.434782608695642
LY,2020,42.0492767,-114.1256516,NV,156,38.262820512820511
CURRENT YEAR,2020,42.0492767,-114.1256516,NV,156,38.262820512820511
LLLY,2020,42.0492767,-114.1256516,NV,156,38.262820512820511
LLY,2020,42.0492767,-114.1256516,NV,156,38.262820512820511
CURRENT YEAR,2018,42.0492767,-114.1256516,NV,17,47.588235294117652
LLY,2018,42.0492767,-114.1256516,NV,17,47.588235294117652
LLLY,2018,42.0492767,-114.1256516,NV,17,47.588235294117652
LY,2018,42.0492767,-114.1256516,NV,17,47.588235294117652
LLY,2021,42.0492767,-114.1256516,NV,171,38.629411764705885
CURRENT YEAR,2021,42.0492767,-114.1256516,NV,171,38.629411764705885
LY,2021,42.0492767,-114.1256516,NV,171,38.629411764705885
LLLY,2021,42.0492767,-114.1256516,NV,171,38.629411764705885
CURRENT YEAR,2017,42.0492767,-114.1256516,NV,3,48.333333333333336
LLY,2017,42.0492767,-114.1256516,NV,3,48.333333333333336
LLLY,2017,42.0492767,-114.1256516,NV,3,48.333333333333336
LY,2017,42.0492767,-114.1256516,NV,3,48.333333333333336
CURRENT YEAR,2024,42.0492767,-114.1256516,NV,95,40.356321839080444
CURRENT YEAR,2023,42.0492767,-114.1256516,NV,112,41.821782178217823
LY,2023,42.0492767,-114.1256516,NV,112,41.821782178217823
LLY,2022,42.0492767,-114.1256516,NV,234,38.354700854700837
LY,2022,42.0492767,-114.1256516,NV,234,38.354700854700837
CURRENT YEAR,2022,42.0492767,-114.1256516,NV,234,38.354700854700837
LY,2019,42.0492767,-114.1256516,NV,49,40.346938775510196
CURRENT YEAR,2019,42.0492767,-114.1256516,NV,49,40.346938775510196
LLLY,2019,42.0492767,-114.1256516,NV,49,40.346938775510196
LLY,2019,42.0492767,-114.1256516,NV,49,40.346938775510196
LLY,2015,41.9589036,-114.196525,CA,1,35.0
CURRENT YEAR,2015,41.9589036,-114.196525,CA,1,35.0
LLLY,2015,41.9589036,-114.196525,CA,1,35.0
LY,2022,41.9589036,-114.196525,CA,2418,36.086021505376408
LLY,2022,41.9589036,-114.196525,CA,2418,36.086021505376408
CURRENT YEAR,2022,41.9589036,-114.196525,CA,2418,36.086021505376408
CURRENT YEAR,2019,41.9589036,-114.196525,CA,532,42.6372180451128
LLLY,2019,41.9589036,-114.196525,CA,532,42.6372180451128
LY,2019,41.9589036,-114.196525,CA,532,42.6372180451128
LLY,2019,41.9589036,-114.196525,CA,532,42.6372180451128
LY,2018,41.9589036,-114.196525,CA,139,44.280575539568353
LLY,2018,41.9589036,-114.196525,CA,139,44.280575539568353
LLLY,2018,41.9589036,-114.196525,CA,139,44.280575539568353
CURRENT YEAR,2018,41.9589036,-114.196525,CA,139,44.280575539568353
CURRENT YEAR,2021,41.9589036,-114.196525,CA,1737,36.020725388600979
LY,2021,41.9589036,-114.196525,CA,1737,36.020725388600979
LLY,2021,41.9589036,-114.196525,CA,1737,36.020725388600979
LLLY,2021,41.9589036,-114.196525,CA,1737,36.020725388600979
CURRENT YEAR,2024,41.9589036,-114.196525,CA,865,38.708333333333329
LLY,2017,41.9589036,-114.196525,CA,43,49.395348837209305
CURRENT YEAR,2017,41.9589036,-114.196525,CA,43,49.395348837209305
LY,2017,41.9589036,-114.196525,CA,43,49.395348837209305
LLLY,2017,41.9589036,-114.196525,CA,43,49.395348837209305
LLY,2020,41.9589036,-114.196525,CA,1678,36.523837902264532
LLLY,2020,41.9589036,-114.196525,CA,1678,36.523837902264532
CURRENT YEAR,2020,41.9589036,-114.196525,CA,1678,36.523837902264532
LY,2020,41.9589036,-114.196525,CA,1678,36.523837902264532
LY,2023,41.9589036,-114.196525,CA,1176,37.92732290708377
CURRENT YEAR,2023,41.9589036,-114.196525,CA,1176,37.92732290708377
LLLY,2019,47.4351917,-82.4610148,MI,217,45.064516129032242
LLY,2019,47.4351917,-82.4610148,MI,217,45.064516129032242
CURRENT YEAR,2019,47.4351917,-82.4610148,MI,217,45.064516129032242
LY,2019,47.4351917,-82.4610148,MI,217,45.064516129032242
LLLY,2018,47.4351917,-82.4610148,MI,63,51.253968253968239
LLY,2018,47.4351917,-82.4610148,MI,63,51.253968253968239
LY,2018,47.4351917,-82.4610148,MI,63,51.253968253968239
CURRENT YEAR,2018,47.4351917,-82.4610148,MI,63,51.253968253968239
CURRENT YEAR,2024,47.4351917,-82.4610148,MI,297,43.622775800711743
LY,2022,47.4351917,-82.4610148,MI,660,41.27878787878781
CURRENT YEAR,2022,47.4351917,-82.4610148,MI,660,41.27878787878781
LLY,2022,47.4351917,-82.4610148,MI,660,41.27878787878781
LLY,2017,47.4351917,-82.4610148,MI,22,50.0909090909091
LLLY,2017,47.4351917,-82.4610148,MI,22,50.0909090909091
LY,2017,47.4351917,-82.4610148,MI,22,50.0909090909091
CURRENT YEAR,2017,47.4351917,-82.4610148,MI,22,50.0909090909091
CURRENT YEAR,2021,47.4351917,-82.4610148,MI,495,40.846464646464646
LLLY,2021,47.4351917,-82.4610148,MI,495,40.846464646464646
LY,2021,47.4351917,-82.4610148,MI,495,40.846464646464646
LLY,2021,47.4351917,-82.4610148,MI,495,40.846464646464646
CURRENT YEAR,2023,47.4351917,-82.4610148,MI,422,42.261964735516358
LY,2023,47.4351917,-82.4610148,MI,422,42.261964735516358
LLLY,2020,47.4351917,-82.4610148,MI,406,40.431034482758619
LY,2020,47.4351917,-82.4610148,MI,406,40.431034482758619
CURRENT YEAR,2020,47.4351917,-82.4610148,MI,406,40.431034482758619
LLY,2020,47.4351917,-82.4610148,MI,406,40.431034482758619
CURRENT YEAR,2020,36.6275418,-81.7254167,TN,341,40.099706744868023
LLLY,2020,36.6275418,-81.7254167,TN,341,40.099706744868023
LY,2020,36.6275418,-81.7254167,TN,341,40.099706744868023
LLY,2020,36.6275418,-81.7254167,TN,341,40.099706744868023
LLLY,2017,36.6275418,-81.7254167,TN,9,48.888888888888886
LY,2017,36.6275418,-81.7254167,TN,9,48.888888888888886
CURRENT YEAR,2017,36.6275418,-81.7254167,TN,9,48.888888888888886
LLY,2017,36.6275418,-81.7254167,TN,9,48.888888888888886
LY,2022,36.6275418,-81.7254167,TN,558,40.388888888888921
CURRENT YEAR,2022,36.6275418,-81.7254167,TN,558,40.388888888888921
LLY,2022,36.6275418,-81.7254167,TN,558,40.388888888888921
LLLY,2018,36.6275418,-81.7254167,TN,70,49.8
LY,2018,36.6275418,-81.7254167,TN,70,49.8
LLY,2018,36.6275418,-81.7254167,TN,70,49.8
CURRENT YEAR,2018,36.6275418,-81.7254167,TN,70,49.8
LLY,2019,36.6275418,-81.7254167,TN,167,44.401197604790426
CURRENT YEAR,2019,36.6275418,-81.7254167,TN,167,44.401197604790426
LLLY,2019,36.6275418,-81.7254167,TN,167,44.401197604790426
LY,2019,36.6275418,-81.7254167,TN,167,44.401197604790426
CURRENT YEAR,2023,36.6275418,-81.7254167,TN,330,42.113268608414245
LY,2023,36.6275418,-81.7254167,TN,330,42.113268608414245
LLLY,2021,36.6275418,-81.7254167,TN,433,39.64896073903
LY,2021,36.6275418,-81.7254167,TN,433,39.64896073903
LLY,2021,36.6275418,-81.7254167,TN,433,39.64896073903
CURRENT YEAR,2021,36.6275418,-81.7254167,TN,433,39.64896073903
CURRENT YEAR,2024,36.6275418,-81.7254167,TN,257,41.951219512195124
LLLY,2018,42.0264518,-71.7960665,CT,23,45.0
LY,2018,42.0264518,-71.7960665,CT,23,45.0
LLY,2018,42.0264518,-71.7960665,CT,23,45.0
CURRENT YEAR,2018,42.0264518,-71.7960665,CT,23,45.0
CURRENT YEAR,2021,42.0264518,-71.7960665,CT,223,37.565022421524667
LLY,2021,42.0264518,-71.7960665,CT,223,37.565022421524667
LY,2021,42.0264518,-71.7960665,CT,223,37.565022421524667
LLLY,2021,42.0264518,-71.7960665,CT,223,37.565022421524667
LLY,2019,42.0264518,-71.7960665,CT,66,48.606060606060595
LLLY,2019,42.0264518,-71.7960665,CT,66,48.606060606060595
CURRENT YEAR,2019,42.0264518,-71.7960665,CT,66,48.606060606060595
LY,2019,42.0264518,-71.7960665,CT,66,48.606060606060595
LLLY,2017,42.0264518,-71.7960665,CT,3,74.333333333333329
LLY,2017,42.0264518,-71.7960665,CT,3,74.333333333333329
CURRENT YEAR,2017,42.0264518,-71.7960665,CT,3,74.333333333333329
LY,2017,42.0264518,-71.7960665,CT,3,74.333333333333329
LY,2023,42.0264518,-71.7960665,CT,143,40.423076923076927
CURRENT YEAR,2023,42.0264518,-71.7960665,CT,143,40.423076923076927
LY,2022,42.0264518,-71.7960665,CT,309,39.5954692556634
CURRENT YEAR,2022,42.0264518,-71.7960665,CT,309,39.5954692556634
LLY,2022,42.0264518,-71.7960665,CT,309,39.5954692556634
LLY,2020,42.0264518,-71.7960665,CT,221,38.760180995475153
LY,2020,42.0264518,-71.7960665,CT,221,38.760180995475153
CURRENT YEAR,2020,42.0264518,-71.7960665,CT,221,38.760180995475153
LLLY,2020,42.0264518,-71.7960665,CT,221,38.760180995475153
CURRENT YEAR,2024,42.0264518,-71.7960665,CT,122,40.587719298245617
LLLY,2018,36.9935486,-103.0851892,NM,7,54.0
LLY,2018,36.9935486,-103.0851892,NM,7,54.0
CURRENT YEAR,2018,36.9935486,-103.0851892,NM,7,54.0
LY,2018,36.9935486,-103.0851892,NM,7,54.0
LLLY,2017,36.9935486,-103.0851892,NM,1,71.0
LLY,2017,36.9935486,-103.0851892,NM,1,71.0
LY,2017,36.9935486,-103.0851892,NM,1,71.0
CURRENT YEAR,2017,36.9935486,-103.0851892,NM,1,71.0
CURRENT YEAR,2024,36.9935486,-103.0851892,NM,43,40.341463414634156
LY,2023,36.9935486,-103.0851892,NM,54,39.404255319148938
CURRENT YEAR,2023,36.9935486,-103.0851892,NM,54,39.404255319148938
LLY,2020,36.9935486,-103.0851892,NM,88,38.340909090909115
LY,2020,36.9935486,-103.0851892,NM,88,38.340909090909115
LLLY,2020,36.9935486,-103.0851892,NM,88,38.340909090909115
CURRENT YEAR,2020,36.9935486,-103.0851892,NM,88,38.340909090909115
LY,2022,36.9935486,-103.0851892,NM,134,38.783582089552233
CURRENT YEAR,2022,36.9935486,-103.0851892,NM,134,38.783582089552233
LLY,2022,36.9935486,-103.0851892,NM,134,38.783582089552233
LLLY,2019,36.9935486,-103.0851892,NM,28,42.607142857142847
CURRENT YEAR,2019,36.9935486,-103.0851892,NM,28,42.607142857142847
LLY,2019,36.9935486,-103.0851892,NM,28,42.607142857142847
LY,2019,36.9935486,-103.0851892,NM,28,42.607142857142847
LLY,2021,36.9935486,-103.0851892,NM,97,37.65979381443298
LY,2021,36.9935486,-103.0851892,NM,97,37.65979381443298
LLLY,2021,36.9935486,-103.0851892,NM,97,37.65979381443298
CURRENT YEAR,2021,36.9935486,-103.0851892,NM,97,37.65979381443298
LLLY,2021,40.6077411,-77.7829861,WV,128,41.265625000000007
LY,2021,40.6077411,-77.7829861,WV,128,41.265625000000007
CURRENT YEAR,2021,40.6077411,-77.7829861,WV,128,41.265625000000007
LLY,2021,40.6077411,-77.7829861,WV,128,41.265625000000007
CURRENT YEAR,2024,40.6077411,-77.7829861,WV,85,40.98795180722891
CURRENT YEAR,2017,40.6077411,-77.7829861,WV,5,54.8
LLY,2017,40.6077411,-77.7829861,WV,5,54.8
LLLY,2017,40.6077411,-77.7829861,WV,5,54.8
LY,2017,40.6077411,-77.7829861,WV,5,54.8
LLY,2022,40.6077411,-77.7829861,WV,169,43.378698224852066
LY,2022,40.6077411,-77.7829861,WV,169,43.378698224852066
CURRENT YEAR,2022,40.6077411,-77.7829861,WV,169,43.378698224852066
LY,2023,40.6077411,-77.7829861,WV,99,43.489361702127667
CURRENT YEAR,2023,40.6077411,-77.7829861,WV,99,43.489361702127667
LLLY,2020,40.6077411,-77.7829861,WV,114,39.728070175438575
CURRENT YEAR,2020,40.6077411,-77.7829861,WV,114,39.728070175438575
LLY,2020,40.6077411,-77.7829861,WV,114,39.728070175438575
LY,2020,40.6077411,-77.7829861,WV,114,39.728070175438575
LLY,2019,40.6077411,-77.7829861,WV,50,45.760000000000005
CURRENT YEAR,2019,40.6077411,-77.7829861,WV,50,45.760000000000005
LY,2019,40.6077411,-77.7829861,WV,50,45.760000000000005
LLLY,2019,40.6077411,-77.7829861,WV,50,45.760000000000005
LLY,2018,40.6077411,-77.7829861,WV,24,55.499999999999986
CURRENT YEAR,2018,40.6077411,-77.7829861,WV,24,55.499999999999986
LLLY,2018,40.6077411,-77.7829861,WV,24,55.499999999999986
LY,2018,40.6077411,-77.7829861,WV,24,55.499999999999986
LY,2020,39.9747364,-94.6050845,KS,145,39.234482758620672
LLLY,2020,39.9747364,-94.6050845,KS,145,39.234482758620672
CURRENT YEAR,2020,39.9747364,-94.6050845,KS,145,39.234482758620672
LLY,2020,39.9747364,-94.6050845,KS,145,39.234482758620672
LLLY,2018,39.9747364,-94.6050845,KS,23,48.347826086956516
LY,2018,39.9747364,-94.6050845,KS,23,48.347826086956516
LLY,2018,39.9747364,-94.6050845,KS,23,48.347826086956516
CURRENT YEAR,2018,39.9747364,-94.6050845,KS,23,48.347826086956516
CURRENT YEAR,2024,39.9747364,-94.6050845,KS,76,38.838235294117645
LLY,2017,39.9747364,-94.6050845,KS,12,49.416666666666671
CURRENT YEAR,2017,39.9747364,-94.6050845,KS,12,49.416666666666671
LLLY,2017,39.9747364,-94.6050845,KS,12,49.416666666666671
LY,2017,39.9747364,-94.6050845,KS,12,49.416666666666671
LLY,2021,39.9747364,-94.6050845,KS,142,39.2394366197183
LLLY,2021,39.9747364,-94.6050845,KS,142,39.2394366197183
LY,2021,39.9747364,-94.6050845,KS,142,39.2394366197183
CURRENT YEAR,2021,39.9747364,-94.6050845,KS,142,39.2394366197183
CURRENT YEAR,2023,39.9747364,-94.6050845,KS,105,42.881188118811885
LY,2023,39.9747364,-94.6050845,KS,105,42.881188118811885
LY,2019,39.9747364,-94.6050845,KS,123,44.804878048780488
LLLY,2019,39.9747364,-94.6050845,KS,123,44.804878048780488
CURRENT YEAR,2019,39.9747364,-94.6050845,KS,123,44.804878048780488
LLY,2019,39.9747364,-94.6050845,KS,123,44.804878048780488
LLY,2022,39.9747364,-94.6050845,KS,209,40.674641148325342
CURRENT YEAR,2022,39.9747364,-94.6050845,KS,209,40.674641148325342
LY,2022,39.9747364,-94.6050845,KS,209,40.674641148325342
LLLY,2018,35.1420737,-78.6577902,SC,32,48.03125
LLY,2018,35.1420737,-78.6577902,SC,32,48.03125
CURRENT YEAR,2018,35.1420737,-78.6577902,SC,32,48.03125
LY,2018,35.1420737,-78.6577902,SC,32,48.03125
LLY,2017,35.1420737,-78.6577902,SC,16,56.9375
LY,2017,35.1420737,-78.6577902,SC,16,56.9375
LLLY,2017,35.1420737,-78.6577902,SC,16,56.9375
CURRENT YEAR,2017,35.1420737,-78.6577902,SC,16,56.9375
CURRENT YEAR,2021,35.1420737,-78.6577902,SC,352,42.502840909090871
LLY,2021,35.1420737,-78.6577902,SC,352,42.502840909090871
LY,2021,35.1420737,-78.6577902,SC,352,42.502840909090871
LLLY,2021,35.1420737,-78.6577902,SC,352,42.502840909090871
CURRENT YEAR,2024,35.1420737,-78.6577902,SC,251,43.271604938271587
CURRENT YEAR,2020,35.1420737,-78.6577902,SC,265,41.369811320754728
LLY,2020,35.1420737,-78.6577902,SC,265,41.369811320754728
LLLY,2020,35.1420737,-78.6577902,SC,265,41.369811320754728
LY,2020,35.1420737,-78.6577902,SC,265,41.369811320754728
LLY,2022,35.1420737,-78.6577902,SC,470,40.865957446808522
LY,2022,35.1420737,-78.6577902,SC,470,40.865957446808522
CURRENT YEAR,2022,35.1420737,-78.6577902,SC,470,40.865957446808522
LY,2019,35.1420737,-78.6577902,SC,123,43.528455284552841
CURRENT YEAR,2019,35.1420737,-78.6577902,SC,123,43.528455284552841
LLY,2019,35.1420737,-78.6577902,SC,123,43.528455284552841
LLLY,2019,35.1420737,-78.6577902,SC,123,43.528455284552841
LY,2023,35.1420737,-78.6577902,SC,264,45.024896265560159
CURRENT YEAR,2023,35.1420737,-78.6577902,SC,264,45.024896265560159
LY,2023,47.4537013,-67.0091635,ME,49,44.787234042553195
CURRENT YEAR,2023,47.4537013,-67.0091635,ME,49,44.787234042553195
LLLY,2019,47.4537013,-67.0091635,ME,26,44.038461538461547
LLY,2019,47.4537013,-67.0091635,ME,26,44.038461538461547
LY,2019,47.4537013,-67.0091635,ME,26,44.038461538461547
CURRENT YEAR,2019,47.4537013,-67.0091635,ME,26,44.038461538461547
LLY,2017,47.4537013,-67.0091635,ME,5,46.2
CURRENT YEAR,2017,47.4537013,-67.0091635,ME,5,46.2
LLLY,2017,47.4537013,-67.0091635,ME,5,46.2
LY,2017,47.4537013,-67.0091635,ME,5,46.2
LLY,2020,47.4537013,-67.0091635,ME,61,41.885245901639351
LLLY,2020,47.4537013,-67.0091635,ME,61,41.885245901639351
CURRENT YEAR,2020,47.4537013,-67.0091635,ME,61,41.885245901639351
LY,2020,47.4537013,-67.0091635,ME,61,41.885245901639351
CURRENT YEAR,2022,47.4537013,-67.0091635,ME,85,39.576470588235289
LY,2022,47.4537013,-67.0091635,ME,85,39.576470588235289
LLY,2022,47.4537013,-67.0091635,ME,85,39.576470588235289
CURRENT YEAR,2024,47.4537013,-67.0091635,ME,43,43.902439024390247
LY,2021,47.4537013,-67.0091635,ME,83,41.048192771084352
CURRENT YEAR,2021,47.4537013,-67.0091635,ME,83,41.048192771084352
LLLY,2021,47.4537013,-67.0091635,ME,83,41.048192771084352
LLY,2021,47.4537013,-67.0091635,ME,83,41.048192771084352
LY,2018,47.4537013,-67.0091635,ME,16,41.562499999999993
LLY,2018,47.4537013,-67.0091635,ME,16,41.562499999999993
LLLY,2018,47.4537013,-67.0091635,ME,16,41.562499999999993
CURRENT YEAR,2018,47.4537013,-67.0091635,ME,16,41.562499999999993
LY,2018,34.9762433,-80.8655897,GA,85,49.258823529411757
CURRENT YEAR,2018,34.9762433,-80.8655897,GA,85,49.258823529411757
LLLY,2018,34.9762433,-80.8655897,GA,85,49.258823529411757
LLY,2018,34.9762433,-80.8655897,GA,85,49.258823529411757
CURRENT YEAR,2022,34.9762433,-80.8655897,GA,983,38.795523906408945
LY,2022,34.9762433,-80.8655897,GA,983,38.795523906408945
LLY,2022,34.9762433,-80.8655897,GA,983,38.795523906408945
LLY,2019,34.9762433,-80.8655897,GA,270,45.529629629629596
LLLY,2019,34.9762433,-80.8655897,GA,270,45.529629629629596
CURRENT YEAR,2019,34.9762433,-80.8655897,GA,270,45.529629629629596
LY,2019,34.9762433,-80.8655897,GA,270,45.529629629629596
CURRENT YEAR,2024,34.9762433,-80.8655897,GA,447,42.741258741258761
LLY,2020,34.9762433,-80.8655897,GA,614,39.377850162866466
LLLY,2020,34.9762433,-80.8655897,GA,614,39.377850162866466
LY,2020,34.9762433,-80.8655897,GA,614,39.377850162866466
CURRENT YEAR,2020,34.9762433,-80.8655897,GA,614,39.377850162866466
CURRENT YEAR,2021,34.9762433,-80.8655897,GA,716,40.66340782122905
LLY,2021,34.9762433,-80.8655897,GA,716,40.66340782122905
LY,2021,34.9762433,-80.8655897,GA,716,40.66340782122905
LLLY,2021,34.9762433,-80.8655897,GA,716,40.66340782122905
LY,2023,34.9762433,-80.8655897,GA,577,42.012987012987018
CURRENT YEAR,2023,34.9762433,-80.8655897,GA,577,42.012987012987018
LY,2017,34.9762433,-80.8655897,GA,26,46.961538461538453
LLY,2017,34.9762433,-80.8655897,GA,26,46.961538461538453
CURRENT YEAR,2017,34.9762433,-80.8655897,GA,26,46.961538461538453
LLLY,2017,34.9762433,-80.8655897,GA,26,46.961538461538453
CURRENT YEAR,2018,48.9595747,-96.6075837,ND,7,51.0
LLLY,2018,48.9595747,-96.6075837,ND,7,51.0
LLY,2018,48.9595747,-96.6075837,ND,7,51.0
LY,2018,48.9595747,-96.6075837,ND,7,51.0
LY,2017,48.9595747,-96.6075837,ND,4,57.0
LLLY,2017,48.9595747,-96.6075837,ND,4,57.0
CURRENT YEAR,2017,48.9595747,-96.6075837,ND,4,57.0
LLY,2017,48.9595747,-96.6075837,ND,4,57.0
LLLY,2020,48.9595747,-96.6075837,ND,30,45.266666666666659
LLY,2020,48.9595747,-96.6075837,ND,30,45.266666666666659
LY,2020,48.9595747,-96.6075837,ND,30,45.266666666666659
CURRENT YEAR,2020,48.9595747,-96.6075837,ND,30,45.266666666666659
CURRENT YEAR,2024,48.9595747,-96.6075837,ND,18,39.166666666666671
LY,2019,48.9595747,-96.6075837,ND,13,47.692307692307693
LLY,2019,48.9595747,-96.6075837,ND,13,47.692307692307693
CURRENT YEAR,2019,48.9595747,-96.6075837,ND,13,47.692307692307693
LLLY,2019,48.9595747,-96.6075837,ND,13,47.692307692307693
LLY,2022,48.9595747,-96.6075837,ND,53,39.1132075471698
LY,2022,48.9595747,-96.6075837,ND,53,39.1132075471698
CURRENT YEAR,2022,48.9595747,-96.6075837,ND,53,39.1132075471698
CURRENT YEAR,2023,48.9595747,-96.6075837,ND,26,41.083333333333329
LY,2023,48.9595747,-96.6075837,ND,26,41.083333333333329
CURRENT YEAR,2021,48.9595747,-96.6075837,ND,34,37.147058823529413
LLLY,2021,48.9595747,-96.6075837,ND,34,37.147058823529413
LLY,2021,48.9595747,-96.6075837,ND,34,37.147058823529413
LY,2021,48.9595747,-96.6075837,ND,34,37.147058823529413
LLLY,2017,45.0095872,-71.4879266,VT,2,46.0
LLY,2017,45.0095872,-71.4879266,VT,2,46.0
CURRENT YEAR,2017,45.0095872,-71.4879266,VT,2,46.0
LY,2017,45.0095872,-71.4879266,VT,2,46.0
LLY,2018,45.0095872,-71.4879266,VT,2,49.0
LY,2018,45.0095872,-71.4879266,VT,2,49.0
CURRENT YEAR,2018,45.0095872,-71.4879266,VT,2,49.0
LLLY,2018,45.0095872,-71.4879266,VT,2,49.0
CURRENT YEAR,2023,45.0095872,-71.4879266,VT,16,42.187500000000007
LY,2023,45.0095872,-71.4879266,VT,16,42.187500000000007
LLY,2022,45.0095872,-71.4879266,VT,27,41.777777777777779
CURRENT YEAR,2022,45.0095872,-71.4879266,VT,27,41.777777777777779
LY,2022,45.0095872,-71.4879266,VT,27,41.777777777777779
LLY,2020,45.0095872,-71.4879266,VT,20,42.949999999999996
CURRENT YEAR,2020,45.0095872,-71.4879266,VT,20,42.949999999999996
LLLY,2020,45.0095872,-71.4879266,VT,20,42.949999999999996
LY,2020,45.0095872,-71.4879266,VT,20,42.949999999999996
LY,2021,45.0095872,-71.4879266,VT,17,40.294117647058826
LLLY,2021,45.0095872,-71.4879266,VT,17,40.294117647058826
LLY,2021,45.0095872,-71.4879266,VT,17,40.294117647058826
CURRENT YEAR,2021,45.0095872,-71.4879266,VT,17,40.294117647058826
CURRENT YEAR,2024,45.0095872,-71.4879266,VT,18,47.294117647058826
CURRENT YEAR,2019,45.0095872,-71.4879266,VT,9,37.222222222222221
LY,2019,45.0095872,-71.4879266,VT,9,37.222222222222221
LLLY,2019,45.0095872,-71.4879266,VT,9,37.222222222222221
LLY,2019,45.0095872,-71.4879266,VT,9,37.222222222222221
LLLY,2015,49.337259,-89.737133,MN,1,50.0
CURRENT YEAR,2015,49.337259,-89.737133,MN,1,50.0
LLY,2015,49.337259,-89.737133,MN,1,50.0
LY,2022,49.337259,-89.737133,MN,295,37.027118644067805
LLY,2022,49.337259,-89.737133,MN,295,37.027118644067805
CURRENT YEAR,2022,49.337259,-89.737133,MN,295,37.027118644067805
CURRENT YEAR,2024,49.337259,-89.737133,MN,118,41.131578947368418
LLY,2021,49.337259,-89.737133,MN,232,37.771551724137908
LLLY,2021,49.337259,-89.737133,MN,232,37.771551724137908
LY,2021,49.337259,-89.737133,MN,232,37.771551724137908
CURRENT YEAR,2021,49.337259,-89.737133,MN,232,37.771551724137908
LLY,2018,49.337259,-89.737133,MN,22,48.363636363636374
CURRENT YEAR,2018,49.337259,-89.737133,MN,22,48.363636363636374
LLLY,2018,49.337259,-89.737133,MN,22,48.363636363636374
LY,2018,49.337259,-89.737133,MN,22,48.363636363636374
LY,2023,49.337259,-89.737133,MN,148,40.642335766423372
CURRENT YEAR,2023,49.337259,-89.737133,MN,148,40.642335766423372
LLY,2020,49.337259,-89.737133,MN,206,38.291262135922317
CURRENT YEAR,2020,49.337259,-89.737133,MN,206,38.291262135922317
LY,2020,49.337259,-89.737133,MN,206,38.291262135922317
LLLY,2020,49.337259,-89.737133,MN,206,38.291262135922317
LY,2019,49.337259,-89.737133,MN,92,44.293478260869577
LLLY,2019,49.337259,-89.737133,MN,92,44.293478260869577
CURRENT YEAR,2019,49.337259,-89.737133,MN,92,44.293478260869577
LLY,2019,49.337259,-89.737133,MN,92,44.293478260869577
LY,2017,49.337259,-89.737133,MN,11,52.81818181818182
LLLY,2017,49.337259,-89.737133,MN,11,52.81818181818182
CURRENT YEAR,2017,49.337259,-89.737133,MN,11,52.81818181818182
LLY,2017,49.337259,-89.737133,MN,11,52.81818181818182
CURRENT YEAR,2023,39.7139457,-75.1288798,MD,235,41.536363636363639
LY,2023,39.7139457,-75.1288798,MD,235,41.536363636363639
LLY,2020,39.7139457,-75.1288798,MD,282,38.680851063829792
CURRENT YEAR,2020,39.7139457,-75.1288798,MD,282,38.680851063829792
LY,2020,39.7139457,-75.1288798,MD,282,38.680851063829792
LLLY,2020,39.7139457,-75.1288798,MD,282,38.680851063829792
LLLY,2021,39.7139457,-75.1288798,MD,336,40.098214285714292
LLY,2021,39.7139457,-75.1288798,MD,336,40.098214285714292
CURRENT YEAR,2021,39.7139457,-75.1288798,MD,336,40.098214285714292
LY,2021,39.7139457,-75.1288798,MD,336,40.098214285714292
LLY,2022,39.7139457,-75.1288798,MD,461,38.540130151843833
LY,2022,39.7139457,-75.1288798,MD,461,38.540130151843833
CURRENT YEAR,2022,39.7139457,-75.1288798,MD,461,38.540130151843833
LLY,2018,39.7139457,-75.1288798,MD,35,48.685714285714283
CURRENT YEAR,2018,39.7139457,-75.1288798,MD,35,48.685714285714283
LY,2018,39.7139457,-75.1288798,MD,35,48.685714285714283
LLLY,2018,39.7139457,-75.1288798,MD,35,48.685714285714283
CURRENT YEAR,2019,39.7139457,-75.1288798,MD,96,42.77083333333335
LLY,2019,39.7139457,-75.1288798,MD,96,42.77083333333335
LY,2019,39.7139457,-75.1288798,MD,96,42.77083333333335
LLLY,2019,39.7139457,-75.1288798,MD,96,42.77083333333335
CURRENT YEAR,2024,39.7139457,-75.1288798,MD,182,41.392045454545475
LLLY,2017,39.7139457,-75.1288798,MD,9,46.111111111111114
CURRENT YEAR,2017,39.7139457,-75.1288798,MD,9,46.111111111111114
LLY,2017,39.7139457,-75.1288798,MD,9,46.111111111111114
LY,2017,39.7139457,-75.1288798,MD,9,46.111111111111114
CURRENT YEAR,2017,39.8187798,-75.0581459,DE,4,44.25
LLLY,2017,39.8187798,-75.0581459,DE,4,44.25
LLY,2017,39.8187798,-75.0581459,DE,4,44.25
LY,2017,39.8187798,-75.0581459,DE,4,44.25
LY,2018,39.8187798,-75.0581459,DE,8,51.375
LLY,2018,39.8187798,-75.0581459,DE,8,51.375
LLLY,2018,39.8187798,-75.0581459,DE,8,51.375
CURRENT YEAR,2018,39.8187798,-75.0581459,DE,8,51.375
CURRENT YEAR,2020,39.8187798,-75.0581459,DE,109,41.899082568807337
LLY,2020,39.8187798,-75.0581459,DE,109,41.899082568807337
LY,2020,39.8187798,-75.0581459,DE,109,41.899082568807337
LLLY,2020,39.8187798,-75.0581459,DE,109,41.899082568807337
CURRENT YEAR,2023,39.8187798,-75.0581459,DE,48,41.34782608695653
LY,2023,39.8187798,-75.0581459,DE,48,41.34782608695653
CURRENT YEAR,2022,39.8187798,-75.0581459,DE,155,42.554838709677419
LY,2022,39.8187798,-75.0581459,DE,155,42.554838709677419
LLY,2022,39.8187798,-75.0581459,DE,155,42.554838709677419
LLLY,2019,39.8187798,-75.0581459,DE,30,42.666666666666664
LLY,2019,39.8187798,-75.0581459,DE,30,42.666666666666664
LY,2019,39.8187798,-75.0581459,DE,30,42.666666666666664
CURRENT YEAR,2019,39.8187798,-75.0581459,DE,30,42.666666666666664
CURRENT YEAR,2021,39.8187798,-75.0581459,DE,105,39.99047619047618
LLLY,2021,39.8187798,-75.0581459,DE,105,39.99047619047618
LY,2021,39.8187798,-75.0581459,DE,105,39.99047619047618
LLY,2021,39.8187798,-75.0581459,DE,105,39.99047619047618
CURRENT YEAR,2024,39.8187798,-75.0581459,DE,33,43.999999999999993
LLY,2017,22.1883799,-154.9897352,HI,2,53.0
LLLY,2017,22.1883799,-154.9897352,HI,2,53.0
CURRENT YEAR,2017,22.1883799,-154.9897352,HI,2,53.0
LY,2017,22.1883799,-154.9897352,HI,2,53.0
CURRENT YEAR,2018,22.1883799,-154.9897352,HI,4,37.75
LLY,2018,22.1883799,-154.9897352,HI,4,37.75
LY,2018,22.1883799,-154.9897352,HI,4,37.75
LLLY,2018,22.1883799,-154.9897352,HI,4,37.75
CURRENT YEAR,2023,22.1883799,-154.9897352,HI,34,36.312500000000007
LY,2023,22.1883799,-154.9897352,HI,34,36.312500000000007
LLY,2021,22.1883799,-154.9897352,HI,88,36.784090909090914
LY,2021,22.1883799,-154.9897352,HI,88,36.784090909090914
LLLY,2021,22.1883799,-154.9897352,HI,88,36.784090909090914
CURRENT YEAR,2021,22.1883799,-154.9897352,HI,88,36.784090909090914
LLLY,2019,22.1883799,-154.9897352,HI,17,37.941176470588232
CURRENT YEAR,2019,22.1883799,-154.9897352,HI,17,37.941176470588232
LLY,2019,22.1883799,-154.9897352,HI,17,37.941176470588232
LY,2019,22.1883799,-154.9897352,HI,17,37.941176470588232
CURRENT YEAR,2024,22.1883799,-154.9897352,HI,34,48.758620689655174
CURRENT YEAR,2020,22.1883799,-154.9897352,HI,90,38.60000000000003
LLLY,2020,22.1883799,-154.9897352,HI,90,38.60000000000003
LY,2020,22.1883799,-154.9897352,HI,90,38.60000000000003
LLY,2020,22.1883799,-154.9897352,HI,90,38.60000000000003
CURRENT YEAR,2022,22.1883799,-154.9897352,HI,81,38.740740740740726
LY,2022,22.1883799,-154.9897352,HI,81,38.740740740740726
LLY,2022,22.1883799,-154.9897352,HI,81,38.740740740740726
LLLY,2017,45.1162356,-70.7170709,NH,8,45.375
LLY,2017,45.1162356,-70.7170709,NH,8,45.375
LY,2017,45.1162356,-70.7170709,NH,8,45.375
CURRENT YEAR,2017,45.1162356,-70.7170709,NH,8,45.375
LLY,2022,45.1162356,-70.7170709,NH,78,42.282051282051277
LY,2022,45.1162356,-70.7170709,NH,78,42.282051282051277
CURRENT YEAR,2022,45.1162356,-70.7170709,NH,78,42.282051282051277
LLLY,2020,45.1162356,-70.7170709,NH,67,43.432835820895534
LY,2020,45.1162356,-70.7170709,NH,67,43.432835820895534
LLY,2020,45.1162356,-70.7170709,NH,67,43.432835820895534
CURRENT YEAR,2020,45.1162356,-70.7170709,NH,67,43.432835820895534
LY,2021,45.1162356,-70.7170709,NH,70,44.800000000000004
CURRENT YEAR,2021,45.1162356,-70.7170709,NH,70,44.800000000000004
LLLY,2021,45.1162356,-70.7170709,NH,70,44.800000000000004
LLY,2021,45.1162356,-70.7170709,NH,70,44.800000000000004
CURRENT YEAR,2024,45.1162356,-70.7170709,NH,43,47.219512195121929
LLLY,2018,45.1162356,-70.7170709,NH,12,48.083333333333329
LY,2018,45.1162356,-70.7170709,NH,12,48.083333333333329
CURRENT YEAR,2018,45.1162356,-70.7170709,NH,12,48.083333333333329
LLY,2018,45.1162356,-70.7170709,NH,12,48.083333333333329
CURRENT YEAR,2019,45.1162356,-70.7170709,NH,23,41.652173913043463
LLY,2019,45.1162356,-70.7170709,NH,23,41.652173913043463
LLLY,2019,45.1162356,-70.7170709,NH,23,41.652173913043463
LY,2019,45.1162356,-70.7170709,NH,23,41.652173913043463
LY,2023,45.1162356,-70.7170709,NH,58,39.980769230769212
CURRENT YEAR,2023,45.1162356,-70.7170709,NH,58,39.980769230769212
LLY,2018,41.9670711,-109.1304186,UT,11,48.0
LLLY,2018,41.9670711,-109.1304186,UT,11,48.0
CURRENT YEAR,2018,41.9670711,-109.1304186,UT,11,48.0
LY,2018,41.9670711,-109.1304186,UT,11,48.0
LY,2017,41.9670711,-109.1304186,UT,4,51.25
CURRENT YEAR,2017,41.9670711,-109.1304186,UT,4,51.25
LLY,2017,41.9670711,-109.1304186,UT,4,51.25
LLLY,2017,41.9670711,-109.1304186,UT,4,51.25
LLLY,2020,41.9670711,-109.1304186,UT,112,37.875000000000007
LLY,2020,41.9670711,-109.1304186,UT,112,37.875000000000007
CURRENT YEAR,2020,41.9670711,-109.1304186,UT,112,37.875000000000007
LY,2020,41.9670711,-109.1304186,UT,112,37.875000000000007
CURRENT YEAR,2024,41.9670711,-109.1304186,UT,56,37.254545454545479
LLY,2022,41.9670711,-109.1304186,UT,162,38.277777777777786
LY,2022,41.9670711,-109.1304186,UT,162,38.277777777777786
CURRENT YEAR,2022,41.9670711,-109.1304186,UT,162,38.277777777777786
CURRENT YEAR,2023,41.9670711,-109.1304186,UT,75,39.097222222222221
LY,2023,41.9670711,-109.1304186,UT,75,39.097222222222221
LLY,2021,41.9670711,-109.1304186,UT,110,38.672727272727272
LY,2021,41.9670711,-109.1304186,UT,110,38.672727272727272
LLLY,2021,41.9670711,-109.1304186,UT,110,38.672727272727272
CURRENT YEAR,2021,41.9670711,-109.1304186,UT,110,38.672727272727272
CURRENT YEAR,2019,41.9670711,-109.1304186,UT,63,38.111111111111107
LY,2019,41.9670711,-109.1304186,UT,63,38.111111111111107
LLY,2019,41.9670711,-109.1304186,UT,63,38.111111111111107
LLLY,2019,41.9670711,-109.1304186,UT,63,38.111111111111107
LY,2016,44.9916542,-71.9463695,NY,1,30.0
LLLY,2016,44.9916542,-71.9463695,NY,1,30.0
CURRENT YEAR,2016,44.9916542,-71.9463695,NY,1,30.0
LLY,2016,44.9916542,-71.9463695,NY,1,30.0
CURRENT YEAR,2023,44.9916542,-71.9463695,NY,839,41.866751269035568
LY,2023,44.9916542,-71.9463695,NY,839,41.866751269035568
LLY,2019,44.9916542,-71.9463695,NY,389,45.14138817480719
CURRENT YEAR,2019,44.9916542,-71.9463695,NY,389,45.14138817480719
LY,2019,44.9916542,-71.9463695,NY,389,45.14138817480719
LLLY,2019,44.9916542,-71.9463695,NY,389,45.14138817480719
LLLY,2020,44.9916542,-71.9463695,NY,912,39.282894736842124
LY,2020,44.9916542,-71.9463695,NY,912,39.282894736842124
CURRENT YEAR,2020,44.9916542,-71.9463695,NY,912,39.282894736842124
LLY,2020,44.9916542,-71.9463695,NY,912,39.282894736842124
LLY,2022,44.9916542,-71.9463695,NY,1648,39.838592233009727
LY,2022,44.9916542,-71.9463695,NY,1648,39.838592233009727
CURRENT YEAR,2022,44.9916542,-71.9463695,NY,1648,39.838592233009727
LY,2021,44.9916542,-71.9463695,NY,1155,39.695238095238111
CURRENT YEAR,2021,44.9916542,-71.9463695,NY,1155,39.695238095238111
LLLY,2021,44.9916542,-71.9463695,NY,1155,39.695238095238111
LLY,2021,44.9916542,-71.9463695,NY,1155,39.695238095238111
LLY,2018,44.9916542,-71.9463695,NY,92,46.967391304347807
LLLY,2018,44.9916542,-71.9463695,NY,92,46.967391304347807
CURRENT YEAR,2018,44.9916542,-71.9463695,NY,92,46.967391304347807
LY,2018,44.9916542,-71.9463695,NY,92,46.967391304347807
CURRENT YEAR,2024,44.9916542,-71.9463695,NY,643,41.27603305785123
LLLY,2017,44.9916542,-71.9463695,NY,24,50.124999999999993
CURRENT YEAR,2017,44.9916542,-71.9463695,NY,24,50.124999999999993
LLY,2017,44.9916542,-71.9463695,NY,24,50.124999999999993
LY,2017,44.9916542,-71.9463695,NY,24,50.124999999999993
LLLY,2018,38.9749659,-76.9936955,DC,1,26.0
CURRENT YEAR,2018,38.9749659,-76.9936955,DC,1,26.0
LY,2018,38.9749659,-76.9936955,DC,1,26.0
LLY,2018,38.9749659,-76.9936955,DC,1,26.0
LY,2023,38.9749659,-76.9936955,DC,30,38.0
CURRENT YEAR,2023,38.9749659,-76.9936955,DC,30,38.0
LY,2021,38.9749659,-76.9936955,DC,48,36.625
LLLY,2021,38.9749659,-76.9936955,DC,48,36.625
CURRENT YEAR,2021,38.9749659,-76.9936955,DC,48,36.625
LLY,2021,38.9749659,-76.9936955,DC,48,36.625
LY,2022,38.9749659,-76.9936955,DC,42,34.404761904761905
CURRENT YEAR,2022,38.9749659,-76.9936955,DC,42,34.404761904761905
LLY,2022,38.9749659,-76.9936955,DC,42,34.404761904761905
CURRENT YEAR,2024,38.9749659,-76.9936955,DC,20,43.555555555555557
LLLY,2020,38.9749659,-76.9936955,DC,84,38.05952380952381
LY,2020,38.9749659,-76.9936955,DC,84,38.05952380952381
LLY,2020,38.9749659,-76.9936955,DC,84,38.05952380952381
CURRENT YEAR,2020,38.9749659,-76.9936955,DC,84,38.05952380952381
CURRENT YEAR,2019,38.9749659,-76.9936955,DC,16,43.249999999999993
LLLY,2019,38.9749659,-76.9936955,DC,16,43.249999999999993
LLY,2019,38.9749659,-76.9936955,DC,16,43.249999999999993
LY,2019,38.9749659,-76.9936955,DC,16,43.249999999999993
LLY,2018,34.9845035,-81.14483,GA,85,49.258823529411757
CURRENT YEAR,2018,34.9845035,-81.14483,GA,85,49.258823529411757
LY,2018,34.9845035,-81.14483,GA,85,49.258823529411757
LLLY,2018,34.9845035,-81.14483,GA,85,49.258823529411757
LY,2022,34.9845035,-81.14483,GA,983,38.795523906408945
CURRENT YEAR,2022,34.9845035,-81.14483,GA,983,38.795523906408945
LLY,2022,34.9845035,-81.14483,GA,983,38.795523906408945
CURRENT YEAR,2019,34.9845035,-81.14483,GA,270,45.529629629629596
LLY,2019,34.9845035,-81.14483,GA,270,45.529629629629596
LLLY,2019,34.9845035,-81.14483,GA,270,45.529629629629596
LY,2019,34.9845035,-81.14483,GA,270,45.529629629629596
CURRENT YEAR,2024,34.9845035,-81.14483,GA,447,42.741258741258761
LY,2020,34.9845035,-81.14483,GA,614,39.377850162866466
LLLY,2020,34.9845035,-81.14483,GA,614,39.377850162866466
CURRENT YEAR,2020,34.9845035,-81.14483,GA,614,39.377850162866466
LLY,2020,34.9845035,-81.14483,GA,614,39.377850162866466
CURRENT YEAR,2021,34.9845035,-81.14483,GA,716,40.66340782122905
LLLY,2021,34.9845035,-81.14483,GA,716,40.66340782122905
LY,2021,34.9845035,-81.14483,GA,716,40.66340782122905
LLY,2021,34.9845035,-81.14483,GA,716,40.66340782122905
CURRENT YEAR,2023,34.9845035,-81.14483,GA,577,42.012987012987018
LY,2023,34.9845035,-81.14483,GA,577,42.012987012987018
LLY,2017,34.9845035,-81.14483,GA,26,46.961538461538453
LY,2017,34.9845035,-81.14483,GA,26,46.961538461538453
LLLY,2017,34.9845035,-81.14483,GA,26,46.961538461538453
CURRENT YEAR,2017,34.9845035,-81.14483,GA,26,46.961538461538453
CURRENT YEAR,2018,43.8614493,-110.93573,WY,2,52.5
LLLY,2018,43.8614493,-110.93573,WY,2,52.5
LLY,2018,43.8614493,-110.93573,WY,2,52.5
LY,2018,43.8614493,-110.93573,WY,2,52.5
LLLY,2019,43.8614493,-110.93573,WY,14,43.642857142857146
CURRENT YEAR,2019,43.8614493,-110.93573,WY,14,43.642857142857146
LY,2019,43.8614493,-110.93573,WY,14,43.642857142857146
LLY,2019,43.8614493,-110.93573,WY,14,43.642857142857146
LY,2020,43.8614493,-110.93573,WY,29,39.344827586206904
CURRENT YEAR,2020,43.8614493,-110.93573,WY,29,39.344827586206904
LLY,2020,43.8614493,-110.93573,WY,29,39.344827586206904
LLLY,2020,43.8614493,-110.93573,WY,29,39.344827586206904
CURRENT YEAR,2023,43.8614493,-110.93573,WY,14,34.666666666666671
LY,2023,43.8614493,-110.93573,WY,14,34.666666666666671
CURRENT YEAR,2024,43.8614493,-110.93573,WY,12,39.090909090909086
CURRENT YEAR,2022,43.8614493,-110.93573,WY,40,34.475
LLY,2022,43.8614493,-110.93573,WY,40,34.475
LY,2022,43.8614493,-110.93573,WY,40,34.475
LLLY,2021,43.8614493,-110.93573,WY,27,36.999999999999986
LLY,2021,43.8614493,-110.93573,WY,27,36.999999999999986
LY,2021,43.8614493,-110.93573,WY,27,36.999999999999986
CURRENT YEAR,2021,43.8614493,-110.93573,WY,27,36.999999999999986
CURRENT YEAR,2023,71.2537659,-130.0374737,AK,16,36.0
LY,2023,71.2537659,-130.0374737,AK,16,36.0
LLY,2018,71.2537659,-130.0374737,AK,1,55.0
CURRENT YEAR,2018,71.2537659,-130.0374737,AK,1,55.0
LLLY,2018,71.2537659,-130.0374737,AK,1,55.0
LY,2018,71.2537659,-130.0374737,AK,1,55.0
CURRENT YEAR,2024,71.2537659,-130.0374737,AK,12,36.909090909090907
CURRENT YEAR,2022,71.2537659,-130.0374737,AK,55,38.981818181818191
LLY,2022,71.2537659,-130.0374737,AK,55,38.981818181818191
LY,2022,71.2537659,-130.0374737,AK,55,38.981818181818191
CURRENT YEAR,2020,71.2537659,-130.0374737,AK,145,40.420689655172396
LLLY,2020,71.2537659,-130.0374737,AK,145,40.420689655172396
LLY,2020,71.2537659,-130.0374737,AK,145,40.420689655172396
LY,2020,71.2537659,-130.0374737,AK,145,40.420689655172396
CURRENT YEAR,2021,71.2537659,-130.0374737,AK,52,40.21153846153846
LLLY,2021,71.2537659,-130.0374737,AK,52,40.21153846153846
LY,2021,71.2537659,-130.0374737,AK,52,40.21153846153846
LLY,2021,71.2537659,-130.0374737,AK,52,40.21153846153846
CURRENT YEAR,2019,71.2537659,-130.0374737,AK,16,42.937499999999993
LLY,2019,71.2537659,-130.0374737,AK,16,42.937499999999993
LY,2019,71.2537659,-130.0374737,AK,16,42.937499999999993
LLLY,2019,71.2537659,-130.0374737,AK,16,42.937499999999993
LLLY,2018,45.9804533,-96.4956013,SD,5,39.0
LLY,2018,45.9804533,-96.4956013,SD,5,39.0
CURRENT YEAR,2018,45.9804533,-96.4956013,SD,5,39.0
LY,2018,45.9804533,-96.4956013,SD,5,39.0
LLY,2017,45.9804533,-96.4956013,SD,1,63.0
LLLY,2017,45.9804533,-96.4956013,SD,1,63.0
CURRENT YEAR,2017,45.9804533,-96.4956013,SD,1,63.0
LY,2017,45.9804533,-96.4956013,SD,1,63.0
LLLY,2020,45.9804533,-96.4956013,SD,25,37.64
LLY,2020,45.9804533,-96.4956013,SD,25,37.64
CURRENT YEAR,2020,45.9804533,-96.4956013,SD,25,37.64
LY,2020,45.9804533,-96.4956013,SD,25,37.64
CURRENT YEAR,2024,45.9804533,-96.4956013,SD,22,42.19047619047619
LLY,2022,45.9804533,-96.4956013,SD,56,37.571428571428577
CURRENT YEAR,2022,45.9804533,-96.4956013,SD,56,37.571428571428577
LY,2022,45.9804533,-96.4956013,SD,56,37.571428571428577
LY,2023,45.9804533,-96.4956013,SD,39,41.083333333333321
CURRENT YEAR,2023,45.9804533,-96.4956013,SD,39,41.083333333333321
LLLY,2019,45.9804533,-96.4956013,SD,17,50.411764705882362
LY,2019,45.9804533,-96.4956013,SD,17,50.411764705882362
CURRENT YEAR,2019,45.9804533,-96.4956013,SD,17,50.411764705882362
LLY,2019,45.9804533,-96.4956013,SD,17,50.411764705882362
CURRENT YEAR,2021,45.9804533,-96.4956013,SD,40,37.749999999999993
LY,2021,45.9804533,-96.4956013,SD,40,37.749999999999993
LLY,2021,45.9804533,-96.4956013,SD,40,37.749999999999993
LLLY,2021,45.9804533,-96.4956013,SD,40,37.749999999999993
CURRENT YEAR,2017,36.9635224,-94.4417948,OK,5,52.4
LY,2017,36.9635224,-94.4417948,OK,5,52.4
LLY,2017,36.9635224,-94.4417948,OK,5,52.4
LLLY,2017,36.9635224,-94.4417948,OK,5,52.4
CURRENT YEAR,2024,36.9635224,-94.4417948,OK,143,38.734848484848484
CURRENT YEAR,2023,36.9635224,-94.4417948,OK,157,38.76811594202897
LY,2023,36.9635224,-94.4417948,OK,157,38.76811594202897
LLY,2020,36.9635224,-94.4417948,OK,167,39.910179640718546
LY,2020,36.9635224,-94.4417948,OK,167,39.910179640718546
CURRENT YEAR,2020,36.9635224,-94.4417948,OK,167,39.910179640718546
LLLY,2020,36.9635224,-94.4417948,OK,167,39.910179640718546
CURRENT YEAR,2019,36.9635224,-94.4417948,OK,87,45.862068965517253
LY,2019,36.9635224,-94.4417948,OK,87,45.862068965517253
LLY,2019,36.9635224,-94.4417948,OK,87,45.862068965517253
LLLY,2019,36.9635224,-94.4417948,OK,87,45.862068965517253
LLY,2018,36.9635224,-94.4417948,OK,25,47.2
LLLY,2018,36.9635224,-94.4417948,OK,25,47.2
CURRENT YEAR,2018,36.9635224,-94.4417948,OK,25,47.2
LY,2018,36.9635224,-94.4417948,OK,25,47.2
LLLY,2021,36.9635224,-94.4417948,OK,206,39.330097087378661
LLY,2021,36.9635224,-94.4417948,OK,206,39.330097087378661
LY,2021,36.9635224,-94.4417948,OK,206,39.330097087378661
CURRENT YEAR,2021,36.9635224,-94.4417948,OK,206,39.330097087378661
LY,2022,36.9635224,-94.4417948,OK,310,40.345161290322579
LLY,2022,36.9635224,-94.4417948,OK,310,40.345161290322579
CURRENT YEAR,2022,36.9635224,-94.4417948,OK,310,40.345161290322579
LLLY,2018,44.9662062,-104.1093756,WY,2,52.5
LY,2018,44.9662062,-104.1093756,WY,2,52.5
LLY,2018,44.9662062,-104.1093756,WY,2,52.5
CURRENT YEAR,2018,44.9662062,-104.1093756,WY,2,52.5
CURRENT YEAR,2019,44.9662062,-104.1093756,WY,14,43.642857142857146
LY,2019,44.9662062,-104.1093756,WY,14,43.642857142857146
LLLY,2019,44.9662062,-104.1093756,WY,14,43.642857142857146
LLY,2019,44.9662062,-104.1093756,WY,14,43.642857142857146
LLLY,2020,44.9662062,-104.1093756,WY,29,39.344827586206904
LLY,2020,44.9662062,-104.1093756,WY,29,39.344827586206904
CURRENT YEAR,2020,44.9662062,-104.1093756,WY,29,39.344827586206904
LY,2020,44.9662062,-104.1093756,WY,29,39.344827586206904
CURRENT YEAR,2023,44.9662062,-104.1093756,WY,14,34.666666666666671
LY,2023,44.9662062,-104.1093756,WY,14,34.666666666666671
CURRENT YEAR,2024,44.9662062,-104.1093756,WY,12,39.090909090909086
CURRENT YEAR,2022,44.9662062,-104.1093756,WY,40,34.475
LLY,2022,44.9662062,-104.1093756,WY,40,34.475
LY,2022,44.9662062,-104.1093756,WY,40,34.475
LY,2021,44.9662062,-104.1093756,WY,27,36.999999999999986
CURRENT YEAR,2021,44.9662062,-104.1093756,WY,27,36.999999999999986
LLLY,2021,44.9662062,-104.1093756,WY,27,36.999999999999986
LLY,2021,44.9662062,-104.1093756,WY,27,36.999999999999986
CURRENT YEAR,2022,32.9912016,-89.3513543,LA,359,38.902506963788284
LLY,2022,32.9912016,-89.3513543,LA,359,38.902506963788284
LY,2022,32.9912016,-89.3513543,LA,359,38.902506963788284
CURRENT YEAR,2024,32.9912016,-89.3513543,LA,141,40.477941176470587
LY,2019,32.9912016,-89.3513543,LA,100,45.39
LLY,2019,32.9912016,-89.3513543,LA,100,45.39
LLLY,2019,32.9912016,-89.3513543,LA,100,45.39
CURRENT YEAR,2019,32.9912016,-89.3513543,LA,100,45.39
CURRENT YEAR,2018,32.9912016,-89.3513543,LA,31,43.709677419354826
LLY,2018,32.9912016,-89.3513543,LA,31,43.709677419354826
LLLY,2018,32.9912016,-89.3513543,LA,31,43.709677419354826
LY,2018,32.9912016,-89.3513543,LA,31,43.709677419354826
LLLY,2017,32.9912016,-89.3513543,LA,10,53.699999999999996
LLY,2017,32.9912016,-89.3513543,LA,10,53.699999999999996
CURRENT YEAR,2017,32.9912016,-89.3513543,LA,10,53.699999999999996
LY,2017,32.9912016,-89.3513543,LA,10,53.699999999999996
LLLY,2020,32.9912016,-89.3513543,LA,221,41.144796380090519
LLY,2020,32.9912016,-89.3513543,LA,221,41.144796380090519
CURRENT YEAR,2020,32.9912016,-89.3513543,LA,221,41.144796380090519
LY,2020,32.9912016,-89.3513543,LA,221,41.144796380090519
CURRENT YEAR,2023,32.9912016,-89.3513543,LA,180,40.595238095238095
LY,2023,32.9912016,-89.3513543,LA,180,40.595238095238095
LLY,2021,32.9912016,-89.3513543,LA,248,39.870967741935459
LY,2021,32.9912016,-89.3513543,LA,248,39.870967741935459
LLLY,2021,32.9912016,-89.3513543,LA,248,39.870967741935459
CURRENT YEAR,2021,32.9912016,-89.3513543,LA,248,39.870967741935459
LLY,2017,36.5474764,-75.4654812,NC,23,49.0
CURRENT YEAR,2017,36.5474764,-75.4654812,NC,23,49.0
LY,2017,36.5474764,-75.4654812,NC,23,49.0
LLLY,2017,36.5474764,-75.4654812,NC,23,49.0
CURRENT YEAR,2023,36.5474764,-75.4654812,NC,508,42.946808510638313
LY,2023,36.5474764,-75.4654812,NC,508,42.946808510638313
LLY,2022,36.5474764,-75.4654812,NC,925,40.438918918918944
LY,2022,36.5474764,-75.4654812,NC,925,40.438918918918944
CURRENT YEAR,2022,36.5474764,-75.4654812,NC,925,40.438918918918944
LY,2020,36.5474764,-75.4654812,NC,536,40.667910447761166
LLLY,2020,36.5474764,-75.4654812,NC,536,40.667910447761166
CURRENT YEAR,2020,36.5474764,-75.4654812,NC,536,40.667910447761166
LLY,2020,36.5474764,-75.4654812,NC,536,40.667910447761166
LLLY,2018,36.5474764,-75.4654812,NC,78,50.4230769230769
CURRENT YEAR,2018,36.5474764,-75.4654812,NC,78,50.4230769230769
LY,2018,36.5474764,-75.4654812,NC,78,50.4230769230769
LLY,2018,36.5474764,-75.4654812,NC,78,50.4230769230769
LY,2021,36.5474764,-75.4654812,NC,638,41.142633228840104
LLLY,2021,36.5474764,-75.4654812,NC,638,41.142633228840104
CURRENT YEAR,2021,36.5474764,-75.4654812,NC,638,41.142633228840104
LLY,2021,36.5474764,-75.4654812,NC,638,41.142633228840104
LLLY,2019,36.5474764,-75.4654812,NC,287,45.261324041811854
LLY,2019,36.5474764,-75.4654812,NC,287,45.261324041811854
CURRENT YEAR,2019,36.5474764,-75.4654812,NC,287,45.261324041811854
LY,2019,36.5474764,-75.4654812,NC,287,45.261324041811854
CURRENT YEAR,2024,36.5474764,-75.4654812,NC,404,40.741333333333344
LLLY,2016,18.49551,-65.30772,PR,15,46.533333333333331
LY,2016,18.49551,-65.30772,PR,15,46.533333333333331
LLY,2016,18.49551,-65.30772,PR,15,46.533333333333331
CURRENT YEAR,2016,18.49551,-65.30772,PR,15,46.533333333333331
LLY,2022,18.49551,-65.30772,PR,465,41.597849462365609
LY,2022,18.49551,-65.30772,PR,465,41.597849462365609
CURRENT YEAR,2022,18.49551,-65.30772,PR,465,41.597849462365609
LLY,2020,18.49551,-65.30772,PR,95,42.663157894736862
LLLY,2020,18.49551,-65.30772,PR,95,42.663157894736862
LY,2020,18.49551,-65.30772,PR,95,42.663157894736862
CURRENT YEAR,2020,18.49551,-65.30772,PR,95,42.663157894736862
LLLY,2015,18.49551,-65.30772,PR,3,57.666666666666664
LY,2015,18.49551,-65.30772,PR,3,57.666666666666664
LLY,2015,18.49551,-65.30772,PR,3,57.666666666666664
CURRENT YEAR,2015,18.49551,-65.30772,PR,3,57.666666666666664
CURRENT YEAR,2023,18.49551,-65.30772,PR,251,42.600896860986545
LY,2023,18.49551,-65.30772,PR,251,42.600896860986545
CURRENT YEAR,2018,18.49551,-65.30772,PR,119,50.294117647058812
LLLY,2018,18.49551,-65.30772,PR,119,50.294117647058812
LLY,2018,18.49551,-65.30772,PR,119,50.294117647058812
LY,2018,18.49551,-65.30772,PR,119,50.294117647058812
LLLY,2019,18.49551,-65.30772,PR,18,43.833333333333336
LLY,2019,18.49551,-65.30772,PR,18,43.833333333333336
CURRENT YEAR,2019,18.49551,-65.30772,PR,18,43.833333333333336
LY,2019,18.49551,-65.30772,PR,18,43.833333333333336
CURRENT YEAR,2024,18.49551,-65.30772,PR,121,44.7663551401869
LLLY,2017,18.49551,-65.30772,PR,15,44.466666666666661
CURRENT YEAR,2017,18.49551,-65.30772,PR,15,44.466666666666661
LY,2017,18.49551,-65.30772,PR,15,44.466666666666661
LLY,2017,18.49551,-65.30772,PR,15,44.466666666666661
LLLY,2021,18.49551,-65.30772,PR,259,44.23552123552124
LLY,2021,18.49551,-65.30772,PR,259,44.23552123552124
LY,2021,18.49551,-65.30772,PR,259,44.23552123552124
CURRENT YEAR,2021,18.49551,-65.30772,PR,259,44.23552123552124
LLLY,2021,40.559957,-89.2228785,MO,294,40.513605442176868
CURRENT YEAR,2021,40.559957,-89.2228785,MO,294,40.513605442176868
LY,2021,40.559957,-89.2228785,MO,294,40.513605442176868
LLY,2021,40.559957,-89.2228785,MO,294,40.513605442176868
LLLY,2019,40.559957,-89.2228785,MO,161,45.223602484472053
LY,2019,40.559957,-89.2228785,MO,161,45.223602484472053
LLY,2019,40.559957,-89.2228785,MO,161,45.223602484472053
CURRENT YEAR,2019,40.559957,-89.2228785,MO,161,45.223602484472053
LLLY,2017,40.559957,-89.2228785,MO,18,52.666666666666664
CURRENT YEAR,2017,40.559957,-89.2228785,MO,18,52.666666666666664
LLY,2017,40.559957,-89.2228785,MO,18,52.666666666666664
LY,2017,40.559957,-89.2228785,MO,18,52.666666666666664
CURRENT YEAR,2024,40.559957,-89.2228785,MO,154,39.841726618705046
LLY,2020,40.559957,-89.2228785,MO,243,40.65020576131689
CURRENT YEAR,2020,40.559957,-89.2228785,MO,243,40.65020576131689
LY,2020,40.559957,-89.2228785,MO,243,40.65020576131689
LLLY,2020,40.559957,-89.2228785,MO,243,40.65020576131689
LY,2022,40.559957,-89.2228785,MO,467,38.937901498929321
LLY,2022,40.559957,-89.2228785,MO,467,38.937901498929321
CURRENT YEAR,2022,40.559957,-89.2228785,MO,467,38.937901498929321
CURRENT YEAR,2023,40.559957,-89.2228785,MO,265,41.658634538152619
LY,2023,40.559957,-89.2228785,MO,265,41.658634538152619
CURRENT YEAR,2018,40.559957,-89.2228785,MO,50,50.499999999999993
LLLY,2018,40.559957,-89.2228785,MO,50,50.499999999999993
LLY,2018,40.559957,-89.2228785,MO,50,50.499999999999993
LY,2018,40.559957,-89.2228785,MO,50,50.499999999999993
LLLY,2017,41.7409313,-84.8342606,IN,16,51.0
CURRENT YEAR,2017,41.7409313,-84.8342606,IN,16,51.0
LLY,2017,41.7409313,-84.8342606,IN,16,51.0
LY,2017,41.7409313,-84.8342606,IN,16,51.0
CURRENT YEAR,2020,41.7409313,-84.8342606,IN,327,41.131498470947989
LLLY,2020,41.7409313,-84.8342606,IN,327,41.131498470947989
LLY,2020,41.7409313,-84.8342606,IN,327,41.131498470947989
LY,2020,41.7409313,-84.8342606,IN,327,41.131498470947989
LY,2018,41.7409313,-84.8342606,IN,41,50.195121951219512
CURRENT YEAR,2018,41.7409313,-84.8342606,IN,41,50.195121951219512
LLLY,2018,41.7409313,-84.8342606,IN,41,50.195121951219512
LLY,2018,41.7409313,-84.8342606,IN,41,50.195121951219512
CURRENT YEAR,2024,41.7409313,-84.8342606,IN,245,40.767241379310363
LY,2023,41.7409313,-84.8342606,IN,369,42.213256484149824
CURRENT YEAR,2023,41.7409313,-84.8342606,IN,369,42.213256484149824
LLY,2019,41.7409313,-84.8342606,IN,183,45.967213114754088
CURRENT YEAR,2019,41.7409313,-84.8342606,IN,183,45.967213114754088
LLLY,2019,41.7409313,-84.8342606,IN,183,45.967213114754088
LY,2019,41.7409313,-84.8342606,IN,183,45.967213114754088
CURRENT YEAR,2022,41.7409313,-84.8342606,IN,627,40.939393939393952
LY,2022,41.7409313,-84.8342606,IN,627,40.939393939393952
LLY,2022,41.7409313,-84.8342606,IN,627,40.939393939393952
LLLY,2021,41.7409313,-84.8342606,IN,405,41.291358024691355
LLY,2021,41.7409313,-84.8342606,IN,405,41.291358024691355
LY,2021,41.7409313,-84.8342606,IN,405,41.291358024691355
CURRENT YEAR,2021,41.7409313,-84.8342606,IN,405,41.291358024691355
LY,2018,38.9768729,-76.9435754,DC,1,26.0
LLY,2018,38.9768729,-76.9435754,DC,1,26.0
CURRENT YEAR,2018,38.9768729,-76.9435754,DC,1,26.0
LLLY,2018,38.9768729,-76.9435754,DC,1,26.0
CURRENT YEAR,2023,38.9768729,-76.9435754,DC,30,38.0
LY,2023,38.9768729,-76.9435754,DC,30,38.0
CURRENT YEAR,2021,38.9768729,-76.9435754,DC,48,36.625
LLY,2021,38.9768729,-76.9435754,DC,48,36.625
LLLY,2021,38.9768729,-76.9435754,DC,48,36.625
LY,2021,38.9768729,-76.9435754,DC,48,36.625
LLY,2022,38.9768729,-76.9435754,DC,42,34.404761904761905
LY,2022,38.9768729,-76.9435754,DC,42,34.404761904761905
CURRENT YEAR,2022,38.9768729,-76.9435754,DC,42,34.404761904761905
CURRENT YEAR,2024,38.9768729,-76.9435754,DC,20,43.555555555555557
LLY,2020,38.9768729,-76.9435754,DC,84,38.05952380952381
LLLY,2020,38.9768729,-76.9435754,DC,84,38.05952380952381
LY,2020,38.9768729,-76.9435754,DC,84,38.05952380952381
CURRENT YEAR,2020,38.9768729,-76.9435754,DC,84,38.05952380952381
LY,2019,38.9768729,-76.9435754,DC,16,43.249999999999993
LLLY,2019,38.9768729,-76.9435754,DC,16,43.249999999999993
CURRENT YEAR,2019,38.9768729,-76.9435754,DC,16,43.249999999999993
LLY,2019,38.9768729,-76.9435754,DC,16,43.249999999999993
LLY,2016,30.97052,-80.0372351,FL,1,55.0
CURRENT YEAR,2016,30.97052,-80.0372351,FL,1,55.0
LLLY,2016,30.97052,-80.0372351,FL,1,55.0
LY,2016,30.97052,-80.0372351,FL,1,55.0
CURRENT YEAR,2017,30.97052,-80.0372351,FL,51,50.039215686274517
LLY,2017,30.97052,-80.0372351,FL,51,50.039215686274517
LY,2017,30.97052,-80.0372351,FL,51,50.039215686274517
LLLY,2017,30.97052,-80.0372351,FL,51,50.039215686274517
LLY,2019,30.97052,-80.0372351,FL,573,46.736474694589873
LY,2019,30.97052,-80.0372351,FL,573,46.736474694589873
CURRENT YEAR,2019,30.97052,-80.0372351,FL,573,46.736474694589873
LLLY,2019,30.97052,-80.0372351,FL,573,46.736474694589873
LLY,2022,30.97052,-80.0372351,FL,2535,41.911602209944704
LY,2022,30.97052,-80.0372351,FL,2535,41.911602209944704
CURRENT YEAR,2022,30.97052,-80.0372351,FL,2535,41.911602209944704
LLLY,2018,30.97052,-80.0372351,FL,186,49.666666666666657
LY,2018,30.97052,-80.0372351,FL,186,49.666666666666657
CURRENT YEAR,2018,30.97052,-80.0372351,FL,186,49.666666666666657
LLY,2018,30.97052,-80.0372351,FL,186,49.666666666666657
LY,2023,30.97052,-80.0372351,FL,1467,43.520909757887033
CURRENT YEAR,2023,30.97052,-80.0372351,FL,1467,43.520909757887033
CURRENT YEAR,2021,30.97052,-80.0372351,FL,1592,42.057160804020128
LY,2021,30.97052,-80.0372351,FL,1592,42.057160804020128
LLLY,2021,30.97052,-80.0372351,FL,1592,42.057160804020128
LLY,2021,30.97052,-80.0372351,FL,1592,42.057160804020128
LLLY,2020,30.97052,-80.0372351,FL,1391,41.59525521207771
CURRENT YEAR,2020,30.97052,-80.0372351,FL,1391,41.59525521207771
LLY,2020,30.97052,-80.0372351,FL,1391,41.59525521207771
LY,2020,30.97052,-80.0372351,FL,1391,41.59525521207771
CURRENT YEAR,2024,30.97052,-80.0372351,FL,1125,44.181303116147276
CURRENT YEAR,2022,41.8966371,-80.53066,OH,973,41.102774922918805
LY,2022,41.8966371,-80.53066,OH,973,41.102774922918805
LLY,2022,41.8966371,-80.53066,OH,973,41.102774922918805
CURRENT YEAR,2019,41.8966371,-80.53066,OH,269,44.914498141263941
LY,2019,41.8966371,-80.53066,OH,269,44.914498141263941
LLY,2019,41.8966371,-80.53066,OH,269,44.914498141263941
LLLY,2019,41.8966371,-80.53066,OH,269,44.914498141263941
LLY,2017,41.8966371,-80.53066,OH,30,51.833333333333336
LY,2017,41.8966371,-80.53066,OH,30,51.833333333333336
LLLY,2017,41.8966371,-80.53066,OH,30,51.833333333333336
CURRENT YEAR,2017,41.8966371,-80.53066,OH,30,51.833333333333336
LY,2021,41.8966371,-80.53066,OH,664,41.588855421686795
LLY,2021,41.8966371,-80.53066,OH,664,41.588855421686795
LLLY,2021,41.8966371,-80.53066,OH,664,41.588855421686795
CURRENT YEAR,2021,41.8966371,-80.53066,OH,664,41.588855421686795
CURRENT YEAR,2018,41.8966371,-80.53066,OH,94,47.989361702127653
LY,2018,41.8966371,-80.53066,OH,94,47.989361702127653
LLY,2018,41.8966371,-80.53066,OH,94,47.989361702127653
LLLY,2018,41.8966371,-80.53066,OH,94,47.989361702127653
CURRENT YEAR,2024,41.8966371,-80.53066,OH,441,43.275534441805249
CURRENT YEAR,2023,41.8966371,-80.53066,OH,549,42.601923076923107
LY,2023,41.8966371,-80.53066,OH,549,42.601923076923107
LLY,2020,41.8966371,-80.53066,OH,499,41.298597194388783
LLLY,2020,41.8966371,-80.53066,OH,499,41.298597194388783
CURRENT YEAR,2020,41.8966371,-80.53066,OH,499,41.298597194388783
LY,2020,41.8966371,-80.53066,OH,499,41.298597194388783
CURRENT YEAR,2018,31.9151594,-84.2103776,GA,85,49.258823529411757
LLY,2018,31.9151594,-84.2103776,GA,85,49.258823529411757
LLLY,2018,31.9151594,-84.2103776,GA,85,49.258823529411757
LY,2018,31.9151594,-84.2103776,GA,85,49.258823529411757
CURRENT YEAR,2022,31.9151594,-84.2103776,GA,983,38.795523906408945
LLY,2022,31.9151594,-84.2103776,GA,983,38.795523906408945
LY,2022,31.9151594,-84.2103776,GA,983,38.795523906408945
LLLY,2019,31.9151594,-84.2103776,GA,270,45.529629629629596
LLY,2019,31.9151594,-84.2103776,GA,270,45.529629629629596
CURRENT YEAR,2019,31.9151594,-84.2103776,GA,270,45.529629629629596
LY,2019,31.9151594,-84.2103776,GA,270,45.529629629629596
CURRENT YEAR,2024,31.9151594,-84.2103776,GA,447,42.741258741258761
LY,2020,31.9151594,-84.2103776,GA,614,39.377850162866466
LLY,2020,31.9151594,-84.2103776,GA,614,39.377850162866466
LLLY,2020,31.9151594,-84.2103776,GA,614,39.377850162866466
CURRENT YEAR,2020,31.9151594,-84.2103776,GA,614,39.377850162866466
LY,2021,31.9151594,-84.2103776,GA,716,40.66340782122905
LLLY,2021,31.9151594,-84.2103776,GA,716,40.66340782122905
LLY,2021,31.9151594,-84.2103776,GA,716,40.66340782122905
CURRENT YEAR,2021,31.9151594,-84.2103776,GA,716,40.66340782122905
CURRENT YEAR,2023,31.9151594,-84.2103776,GA,577,42.012987012987018
LY,2023,31.9151594,-84.2103776,GA,577,42.012987012987018
LLY,2017,31.9151594,-84.2103776,GA,26,46.961538461538453
CURRENT YEAR,2017,31.9151594,-84.2103776,GA,26,46.961538461538453
LLLY,2017,31.9151594,-84.2103776,GA,26,46.961538461538453
LY,2017,31.9151594,-84.2103776,GA,26,46.961538461538453
LY,2023,41.2809575,-73.9168962,NJ,485,43.020547945205486
CURRENT YEAR,2023,41.2809575,-73.9168962,NJ,485,43.020547945205486
CURRENT YEAR,2024,41.2809575,-73.9168962,NJ,328,42.708737864077669
LY,2020,41.2809575,-73.9168962,NJ,493,39.312373225152136
CURRENT YEAR,2020,41.2809575,-73.9168962,NJ,493,39.312373225152136
LLY,2020,41.2809575,-73.9168962,NJ,493,39.312373225152136
LLLY,2020,41.2809575,-73.9168962,NJ,493,39.312373225152136
LLY,2022,41.2809575,-73.9168962,NJ,813,40.784747847478485
CURRENT YEAR,2022,41.2809575,-73.9168962,NJ,813,40.784747847478485
LY,2022,41.2809575,-73.9168962,NJ,813,40.784747847478485
LY,2021,41.2809575,-73.9168962,NJ,559,40.6422182468694
LLY,2021,41.2809575,-73.9168962,NJ,559,40.6422182468694
CURRENT YEAR,2021,41.2809575,-73.9168962,NJ,559,40.6422182468694
LLLY,2021,41.2809575,-73.9168962,NJ,559,40.6422182468694
CURRENT YEAR,2017,41.2809575,-73.9168962,NJ,14,48.571428571428577
LLY,2017,41.2809575,-73.9168962,NJ,14,48.571428571428577
LY,2017,41.2809575,-73.9168962,NJ,14,48.571428571428577
LLLY,2017,41.2809575,-73.9168962,NJ,14,48.571428571428577
LLLY,2018,41.2809575,-73.9168962,NJ,47,48.042553191489354
LLY,2018,41.2809575,-73.9168962,NJ,47,48.042553191489354
CURRENT YEAR,2018,41.2809575,-73.9168962,NJ,47,48.042553191489354
LY,2018,41.2809575,-73.9168962,NJ,47,48.042553191489354
LY,2019,41.2809575,-73.9168962,NJ,160,44.624999999999979
CURRENT YEAR,2019,41.2809575,-73.9168962,NJ,160,44.624999999999979
LLY,2019,41.2809575,-73.9168962,NJ,160,44.624999999999979
LLLY,2019,41.2809575,-73.9168962,NJ,160,44.624999999999979
LLY,2020,39.3768045,-75.3345219,VA,390,41.8974358974359
CURRENT YEAR,2020,39.3768045,-75.3345219,VA,390,41.8974358974359
LY,2020,39.3768045,-75.3345219,VA,390,41.8974358974359
LLLY,2020,39.3768045,-75.3345219,VA,390,41.8974358974359
LLY,2022,39.3768045,-75.3345219,VA,667,40.739130434782631
LY,2022,39.3768045,-75.3345219,VA,667,40.739130434782631
CURRENT YEAR,2022,39.3768045,-75.3345219,VA,667,40.739130434782631
LY,2023,39.3768045,-75.3345219,VA,331,40.261290322580635
CURRENT YEAR,2023,39.3768045,-75.3345219,VA,331,40.261290322580635
LLLY,2018,39.3768045,-75.3345219,VA,47,47.021276595744681
CURRENT YEAR,2018,39.3768045,-75.3345219,VA,47,47.021276595744681
LY,2018,39.3768045,-75.3345219,VA,47,47.021276595744681
LLY,2018,39.3768045,-75.3345219,VA,47,47.021276595744681
LY,2017,39.3768045,-75.3345219,VA,13,45.307692307692307
LLLY,2017,39.3768045,-75.3345219,VA,13,45.307692307692307
CURRENT YEAR,2017,39.3768045,-75.3345219,VA,13,45.307692307692307
LLY,2017,39.3768045,-75.3345219,VA,13,45.307692307692307
CURRENT YEAR,2024,39.3768045,-75.3345219,VA,307,41.248275862068965
LY,2021,39.3768045,-75.3345219,VA,456,40.449561403508781
CURRENT YEAR,2021,39.3768045,-75.3345219,VA,456,40.449561403508781
LLY,2021,39.3768045,-75.3345219,VA,456,40.449561403508781
LLLY,2021,39.3768045,-75.3345219,VA,456,40.449561403508781
LLLY,2019,39.3768045,-75.3345219,VA,189,44.587301587301567
CURRENT YEAR,2019,39.3768045,-75.3345219,VA,189,44.587301587301567
LLY,2019,39.3768045,-75.3345219,VA,189,44.587301587301567
LY,2019,39.3768045,-75.3345219,VA,189,44.587301587301567
CURRENT YEAR,2016,42.8512932,-69.9373266,MA,2,64.5
LY,2016,42.8512932,-69.9373266,MA,2,64.5
LLY,2016,42.8512932,-69.9373266,MA,2,64.5
LLLY,2016,42.8512932,-69.9373266,MA,2,64.5
LLY,2017,42.8512932,-69.9373266,MA,7,57.142857142857146
LY,2017,42.8512932,-69.9373266,MA,7,57.142857142857146
LLLY,2017,42.8512932,-69.9373266,MA,7,57.142857142857146
CURRENT YEAR,2017,42.8512932,-69.9373266,MA,7,57.142857142857146
CURRENT YEAR,2024,42.8512932,-69.9373266,MA,187,39.615819209039515
LLLY,2020,42.8512932,-69.9373266,MA,287,38.679442508710764
LLY,2020,42.8512932,-69.9373266,MA,287,38.679442508710764
LY,2020,42.8512932,-69.9373266,MA,287,38.679442508710764
CURRENT YEAR,2020,42.8512932,-69.9373266,MA,287,38.679442508710764
LLY,2021,42.8512932,-69.9373266,MA,278,40.223021582733807
LLLY,2021,42.8512932,-69.9373266,MA,278,40.223021582733807
LY,2021,42.8512932,-69.9373266,MA,278,40.223021582733807
CURRENT YEAR,2021,42.8512932,-69.9373266,MA,278,40.223021582733807
LLY,2019,42.8512932,-69.9373266,MA,102,42.901960784313715
CURRENT YEAR,2019,42.8512932,-69.9373266,MA,102,42.901960784313715
LY,2019,42.8512932,-69.9373266,MA,102,42.901960784313715
LLLY,2019,42.8512932,-69.9373266,MA,102,42.901960784313715
LLY,2022,42.8512932,-69.9373266,MA,417,38.7769784172662
LY,2022,42.8512932,-69.9373266,MA,417,38.7769784172662
CURRENT YEAR,2022,42.8512932,-69.9373266,MA,417,38.7769784172662
LY,2018,42.8512932,-69.9373266,MA,21,48.714285714285715
LLLY,2018,42.8512932,-69.9373266,MA,21,48.714285714285715
CURRENT YEAR,2018,42.8512932,-69.9373266,MA,21,48.714285714285715
LLY,2018,42.8512932,-69.9373266,MA,21,48.714285714285715
LY,2023,42.8512932,-69.9373266,MA,222,39.17
CURRENT YEAR,2023,42.8512932,-69.9373266,MA,222,39.17
LLY,2022,36.9722793,-109.0955689,AZ,435,38.432183908045964
CURRENT YEAR,2022,36.9722793,-109.0955689,AZ,435,38.432183908045964
LY,2022,36.9722793,-109.0955689,AZ,435,38.432183908045964
CURRENT YEAR,2019,36.9722793,-109.0955689,AZ,129,45.232558139534888
LLY,2019,36.9722793,-109.0955689,AZ,129,45.232558139534888
LLLY,2019,36.9722793,-109.0955689,AZ,129,45.232558139534888
LY,2019,36.9722793,-109.0955689,AZ,129,45.232558139534888
LLLY,2021,36.9722793,-109.0955689,AZ,334,37.685628742514957
LLY,2021,36.9722793,-109.0955689,AZ,334,37.685628742514957
CURRENT YEAR,2021,36.9722793,-109.0955689,AZ,334,37.685628742514957
LY,2021,36.9722793,-109.0955689,AZ,334,37.685628742514957
CURRENT YEAR,2024,36.9722793,-109.0955689,AZ,191,42.050000000000004
LLLY,2017,36.9722793,-109.0955689,AZ,9,44.444444444444443
LLY,2017,36.9722793,-109.0955689,AZ,9,44.444444444444443
LY,2017,36.9722793,-109.0955689,AZ,9,44.444444444444443
CURRENT YEAR,2017,36.9722793,-109.0955689,AZ,9,44.444444444444443
LLLY,2018,36.9722793,-109.0955689,AZ,28,47.821428571428577
LY,2018,36.9722793,-109.0955689,AZ,28,47.821428571428577
CURRENT YEAR,2018,36.9722793,-109.0955689,AZ,28,47.821428571428577
LLY,2018,36.9722793,-109.0955689,AZ,28,47.821428571428577
CURRENT YEAR,2023,36.9722793,-109.0955689,AZ,253,42.957805907173
LY,2023,36.9722793,-109.0955689,AZ,253,42.957805907173
LLY,2020,36.9722793,-109.0955689,AZ,349,40.56160458452716
CURRENT YEAR,2020,36.9722793,-109.0955689,AZ,349,40.56160458452716
LY,2020,36.9722793,-109.0955689,AZ,349,40.56160458452716
LLLY,2020,36.9722793,-109.0955689,AZ,349,40.56160458452716
LLLY,2017,36.4787937,-89.892431,AR,8,54.25
LY,2017,36.4787937,-89.892431,AR,8,54.25
LLY,2017,36.4787937,-89.892431,AR,8,54.25
CURRENT YEAR,2017,36.4787937,-89.892431,AR,8,54.25
CURRENT YEAR,2018,36.4787937,-89.892431,AR,21,48.38095238095238
LLLY,2018,36.4787937,-89.892431,AR,21,48.38095238095238
LY,2018,36.4787937,-89.892431,AR,21,48.38095238095238
LLY,2018,36.4787937,-89.892431,AR,21,48.38095238095238
CURRENT YEAR,2023,36.4787937,-89.892431,AR,131,42.17886178861788
LY,2023,36.4787937,-89.892431,AR,131,42.17886178861788
LY,2020,36.4787937,-89.892431,AR,186,40.279569892473134
LLY,2020,36.4787937,-89.892431,AR,186,40.279569892473134
CURRENT YEAR,2020,36.4787937,-89.892431,AR,186,40.279569892473134
LLLY,2020,36.4787937,-89.892431,AR,186,40.279569892473134
CURRENT YEAR,2021,36.4787937,-89.892431,AR,200,38.71
LLY,2021,36.4787937,-89.892431,AR,200,38.71
LLLY,2021,36.4787937,-89.892431,AR,200,38.71
LY,2021,36.4787937,-89.892431,AR,200,38.71
CURRENT YEAR,2024,36.4787937,-89.892431,AR,107,40.980392156862735
CURRENT YEAR,2019,36.4787937,-89.892431,AR,89,46.696629213483156
LLY,2019,36.4787937,-89.892431,AR,89,46.696629213483156
LY,2019,36.4787937,-89.892431,AR,89,46.696629213483156
LLLY,2019,36.4787937,-89.892431,AR,89,46.696629213483156
CURRENT YEAR,2022,36.4787937,-89.892431,AR,269,40.416356877323437
LLY,2022,36.4787937,-89.892431,AR,269,40.416356877323437
LY,2022,36.4787937,-89.892431,AR,269,40.416356877323437
LY,2019,34.9662595,-88.230292,MS,77,43.7012987012987
CURRENT YEAR,2019,34.9662595,-88.230292,MS,77,43.7012987012987
LLLY,2019,34.9662595,-88.230292,MS,77,43.7012987012987
LLY,2019,34.9662595,-88.230292,MS,77,43.7012987012987
LLLY,2021,34.9662595,-88.230292,MS,196,37.566326530612237
CURRENT YEAR,2021,34.9662595,-88.230292,MS,196,37.566326530612237
LLY,2021,34.9662595,-88.230292,MS,196,37.566326530612237
LY,2021,34.9662595,-88.230292,MS,196,37.566326530612237
LLY,2022,34.9662595,-88.230292,MS,264,40.295454545454533
LY,2022,34.9662595,-88.230292,MS,264,40.295454545454533
CURRENT YEAR,2022,34.9662595,-88.230292,MS,264,40.295454545454533
LLY,2020,34.9662595,-88.230292,MS,159,41.056603773584904
LLLY,2020,34.9662595,-88.230292,MS,159,41.056603773584904
LY,2020,34.9662595,-88.230292,MS,159,41.056603773584904
CURRENT YEAR,2020,34.9662595,-88.230292,MS,159,41.056603773584904
CURRENT YEAR,2018,34.9662595,-88.230292,MS,13,44.53846153846154
LLLY,2018,34.9662595,-88.230292,MS,13,44.53846153846154
LLY,2018,34.9662595,-88.230292,MS,13,44.53846153846154
LY,2018,34.9662595,-88.230292,MS,13,44.53846153846154
CURRENT YEAR,2024,34.9662595,-88.230292,MS,100,43.4742268041237
LLY,2017,34.9662595,-88.230292,MS,10,51.199999999999989
CURRENT YEAR,2017,34.9662595,-88.230292,MS,10,51.199999999999989
LY,2017,34.9662595,-88.230292,MS,10,51.199999999999989
LLLY,2017,34.9662595,-88.230292,MS,10,51.199999999999989
CURRENT YEAR,2023,34.9662595,-88.230292,MS,141,41.710937499999993
LY,2023,34.9662595,-88.230292,MS,141,41.710937499999993
LY,2019,43.4865498,-90.2368126,IA,67,45.746268656716417
CURRENT YEAR,2019,43.4865498,-90.2368126,IA,67,45.746268656716417
LLLY,2019,43.4865498,-90.2368126,IA,67,45.746268656716417
LLY,2019,43.4865498,-90.2368126,IA,67,45.746268656716417
LLLY,2017,43.4865498,-90.2368126,IA,6,52.166666666666671
LLY,2017,43.4865498,-90.2368126,IA,6,52.166666666666671
LY,2017,43.4865498,-90.2368126,IA,6,52.166666666666671
CURRENT YEAR,2017,43.4865498,-90.2368126,IA,6,52.166666666666671
CURRENT YEAR,2022,43.4865498,-90.2368126,IA,257,40.21400778210117
LY,2022,43.4865498,-90.2368126,IA,257,40.21400778210117
LLY,2022,43.4865498,-90.2368126,IA,257,40.21400778210117
LY,2018,43.4865498,-90.2368126,IA,25,52.88000000000001
CURRENT YEAR,2018,43.4865498,-90.2368126,IA,25,52.88000000000001
LLLY,2018,43.4865498,-90.2368126,IA,25,52.88000000000001
LLY,2018,43.4865498,-90.2368126,IA,25,52.88000000000001
LY,2020,43.4865498,-90.2368126,IA,149,40.053691275167765
LLY,2020,43.4865498,-90.2368126,IA,149,40.053691275167765
LLLY,2020,43.4865498,-90.2368126,IA,149,40.053691275167765
CURRENT YEAR,2020,43.4865498,-90.2368126,IA,149,40.053691275167765
CURRENT YEAR,2024,43.4865498,-90.2368126,IA,106,39.594059405940605
LY,2023,43.4865498,-90.2368126,IA,158,40.066225165562912
CURRENT YEAR,2023,43.4865498,-90.2368126,IA,158,40.066225165562912
LY,2021,43.4865498,-90.2368126,IA,165,35.818181818181813
LLLY,2021,43.4865498,-90.2368126,IA,165,35.818181818181813
CURRENT YEAR,2021,43.4865498,-90.2368126,IA,165,35.818181818181813
LLY,2021,43.4865498,-90.2368126,IA,165,35.818181818181813
LLY,2016,36.4397733,-93.6156553,TX,2,49.5
LLLY,2016,36.4397733,-93.6156553,TX,2,49.5
LY,2016,36.4397733,-93.6156553,TX,2,49.5
CURRENT YEAR,2016,36.4397733,-93.6156553,TX,2,49.5
LLY,2018,36.4397733,-93.6156553,TX,154,47.506493506493484
LLLY,2018,36.4397733,-93.6156553,TX,154,47.506493506493484
LY,2018,36.4397733,-93.6156553,TX,154,47.506493506493484
CURRENT YEAR,2018,36.4397733,-93.6156553,TX,154,47.506493506493484
LY,2017,36.4397733,-93.6156553,TX,43,47.906976744186039
LLLY,2017,36.4397733,-93.6156553,TX,43,47.906976744186039
LLY,2017,36.4397733,-93.6156553,TX,43,47.906976744186039
CURRENT YEAR,2017,36.4397733,-93.6156553,TX,43,47.906976744186039
LLY,2019,36.4397733,-93.6156553,TX,728,41.946428571428505
CURRENT YEAR,2019,36.4397733,-93.6156553,TX,728,41.946428571428505
LLLY,2019,36.4397733,-93.6156553,TX,728,41.946428571428505
LY,2019,36.4397733,-93.6156553,TX,728,41.946428571428505
LLLY,2021,36.4397733,-93.6156553,TX,1677,37.948717948717935
CURRENT YEAR,2021,36.4397733,-93.6156553,TX,1677,37.948717948717935
LY,2021,36.4397733,-93.6156553,TX,1677,37.948717948717935
LLY,2021,36.4397733,-93.6156553,TX,1677,37.948717948717935
LLLY,2020,36.4397733,-93.6156553,TX,1626,37.980319803198071
LY,2020,36.4397733,-93.6156553,TX,1626,37.980319803198071
LLY,2020,36.4397733,-93.6156553,TX,1626,37.980319803198071
CURRENT YEAR,2020,36.4397733,-93.6156553,TX,1626,37.980319803198071
CURRENT YEAR,2023,36.4397733,-93.6156553,TX,1254,39.8219533275712
LY,2023,36.4397733,-93.6156553,TX,1254,39.8219533275712
CURRENT YEAR,2024,36.4397733,-93.6156553,TX,942,40.227424749163951
CURRENT YEAR,2022,36.4397733,-93.6156553,TX,2602,37.853189853958561
LLY,2022,36.4397733,-93.6156553,TX,2602,37.853189853958561
LY,2022,36.4397733,-93.6156553,TX,2602,37.853189853958561
LY,2015,42.1714636,-74.7397504,PA,1,43.0
LLY,2015,42.1714636,-74.7397504,PA,1,43.0
CURRENT YEAR,2015,42.1714636,-74.7397504,PA,1,43.0
LLLY,2015,42.1714636,-74.7397504,PA,1,43.0
LY,2016,42.1714636,-74.7397504,PA,4,47.0
LLY,2016,42.1714636,-74.7397504,PA,4,47.0
CURRENT YEAR,2016,42.1714636,-74.7397504,PA,4,47.0
LLLY,2016,42.1714636,-74.7397504,PA,4,47.0
LLY,2022,42.1714636,-74.7397504,PA,972,41.517489711934168
LY,2022,42.1714636,-74.7397504,PA,972,41.517489711934168
CURRENT YEAR,2022,42.1714636,-74.7397504,PA,972,41.517489711934168
CURRENT YEAR,2021,42.1714636,-74.7397504,PA,657,41.765601217656034
LLLY,2021,42.1714636,-74.7397504,PA,657,41.765601217656034
LLY,2021,42.1714636,-74.7397504,PA,657,41.765601217656034
LY,2021,42.1714636,-74.7397504,PA,657,41.765601217656034
LY,2019,42.1714636,-74.7397504,PA,290,46.2379310344828
LLLY,2019,42.1714636,-74.7397504,PA,290,46.2379310344828
CURRENT YEAR,2019,42.1714636,-74.7397504,PA,290,46.2379310344828
LLY,2019,42.1714636,-74.7397504,PA,290,46.2379310344828
LY,2018,42.1714636,-74.7397504,PA,106,43.952830188679258
LLLY,2018,42.1714636,-74.7397504,PA,106,43.952830188679258
CURRENT YEAR,2018,42.1714636,-74.7397504,PA,106,43.952830188679258
LLY,2018,42.1714636,-74.7397504,PA,106,43.952830188679258
CURRENT YEAR,2024,42.1714636,-74.7397504,PA,422,42.606435643564375
LLLY,2020,42.1714636,-74.7397504,PA,565,40.596460176991116
CURRENT YEAR,2020,42.1714636,-74.7397504,PA,565,40.596460176991116
LLY,2020,42.1714636,-74.7397504,PA,565,40.596460176991116
LY,2020,42.1714636,-74.7397504,PA,565,40.596460176991116
CURRENT YEAR,2023,42.1714636,-74.7397504,PA,596,42.978873239436645
LY,2023,42.1714636,-74.7397504,PA,596,42.978873239436645
LY,2017,42.1714636,-74.7397504,PA,31,53.41935483870968
LLY,2017,42.1714636,-74.7397504,PA,31,53.41935483870968
CURRENT YEAR,2017,42.1714636,-74.7397504,PA,31,53.41935483870968
LLLY,2017,42.1714636,-74.7397504,PA,31,53.41935483870968
CURRENT YEAR,2024,48.9919302,-117.0753439,WA,135,41.000000000000007
LLY,2018,48.9919302,-117.0753439,WA,26,44.384615384615387
CURRENT YEAR,2018,48.9919302,-117.0753439,WA,26,44.384615384615387
LY,2018,48.9919302,-117.0753439,WA,26,44.384615384615387
LLLY,2018,48.9919302,-117.0753439,WA,26,44.384615384615387
CURRENT YEAR,2017,48.9919302,-117.0753439,WA,11,48.181818181818187
LLLY,2017,48.9919302,-117.0753439,WA,11,48.181818181818187
LY,2017,48.9919302,-117.0753439,WA,11,48.181818181818187
LLY,2017,48.9919302,-117.0753439,WA,11,48.181818181818187
LLY,2021,48.9919302,-117.0753439,WA,242,36.983471074380162
LY,2021,48.9919302,-117.0753439,WA,242,36.983471074380162
LLLY,2021,48.9919302,-117.0753439,WA,242,36.983471074380162
CURRENT YEAR,2021,48.9919302,-117.0753439,WA,242,36.983471074380162
CURRENT YEAR,2019,48.9919302,-117.0753439,WA,101,42.237623762376238
LLLY,2019,48.9919302,-117.0753439,WA,101,42.237623762376238
LY,2019,48.9919302,-117.0753439,WA,101,42.237623762376238
LLY,2019,48.9919302,-117.0753439,WA,101,42.237623762376238
LY,2023,48.9919302,-117.0753439,WA,185,39.542857142857159
CURRENT YEAR,2023,48.9919302,-117.0753439,WA,185,39.542857142857159
LLY,2022,48.9919302,-117.0753439,WA,308,36.18831168831165
CURRENT YEAR,2022,48.9919302,-117.0753439,WA,308,36.18831168831165
LY,2022,48.9919302,-117.0753439,WA,308,36.18831168831165
LLLY,2020,48.9919302,-117.0753439,WA,226,36.690265486725686
LLY,2020,48.9919302,-117.0753439,WA,226,36.690265486725686
CURRENT YEAR,2020,48.9919302,-117.0753439,WA,226,36.690265486725686
LY,2020,48.9919302,-117.0753439,WA,226,36.690265486725686